Date,Symbol,Open,High,Low,Close,Volume,Daily_Return,Cumulative_Return_%
2023-10-03,BAJAJ-AUTO,5065.0,5073.0,4997.1,5016.45,464531,0.0,0.0
2023-10-04,BAJAJ-AUTO,5011.25,5019.2,4903.05,4918.6,256544,-0.019505825833009305,-1.9505825833009305
2023-10-05,BAJAJ-AUTO,4935.0,5039.3,4925.1,5011.05,657876,0.018795998861464547,-0.10764584516939069
2023-10-06,BAJAJ-AUTO,5120.0,5120.0,4997.5,5014.6,279352,0.0007084343600642917,-0.03687866917839733
2023-10-09,BAJAJ-AUTO,4957.05,5068.7,4957.05,5007.3,244083,-0.0014557492123000726,-0.18239990431480058
2023-10-10,BAJAJ-AUTO,5007.3,5064.0,5002.2,5037.5,307502,0.006031194456094013,0.4196194520029062
2023-10-11,BAJAJ-AUTO,5055.0,5095.0,5050.0,5064.4,575680,0.0053399503722084685,0.9558552362726624
2023-10-12,BAJAJ-AUTO,5085.0,5151.0,5051.1,5106.6,472168,0.008332675144143487,1.7970875818557053
2023-10-13,BAJAJ-AUTO,5089.95,5123.45,5040.0,5052.4,387366,-0.010613715583754457,0.7166422470073375
2023-10-16,BAJAJ-AUTO,5035.0,5099.4,5032.0,5076.7,158560,0.004809595439791092,1.2010485502696122
2023-10-17,BAJAJ-AUTO,5083.0,5150.0,5070.0,5141.25,318565,0.0127149526267063,2.487815088359291
2023-10-18,BAJAJ-AUTO,5150.0,5198.75,5125.65,5137.35,360985,-0.000758570386579116,2.4100708668480575
2023-10-19,BAJAJ-AUTO,5300.0,5495.0,5245.0,5482.6,2838352,0.06720390862993564,9.292427912168954
2023-10-20,BAJAJ-AUTO,5450.0,5510.0,5436.9,5489.3,763919,0.0012220479334621448,9.425988497842086
2023-10-23,BAJAJ-AUTO,5453.05,5493.4,5395.05,5405.4,451167,-0.015284280327182098,7.753491014562064
2023-10-25,BAJAJ-AUTO,5385.0,5423.95,5332.3,5347.3,620266,-0.010748510748510687,6.595301458202485
2023-10-26,BAJAJ-AUTO,5333.85,5347.45,5236.0,5259.35,746266,-0.01644755297065803,4.842069591045428
2023-10-27,BAJAJ-AUTO,5265.0,5423.7,5265.0,5373.55,843465,0.02171370986909027,7.118579872220354
2023-10-30,BAJAJ-AUTO,5388.0,5397.75,5275.0,5308.9,360967,-0.012031152590001093,5.829819892553445
2023-10-31,BAJAJ-AUTO,5340.0,5366.15,5292.6,5314.05,400987,0.000970069129198281,5.932482133779815
2023-11-01,BAJAJ-AUTO,5305.0,5449.5,5305.0,5344.35,619765,0.005701865808564133,6.536494931674741
2023-11-02,BAJAJ-AUTO,5383.9,5392.85,5285.0,5318.4,304362,-0.00485559516124523,6.0191968423884745
2023-11-03,BAJAJ-AUTO,5357.0,5377.05,5316.6,5368.95,448715,0.009504738267148038,7.0268815596686185
2023-11-06,BAJAJ-AUTO,5380.0,5427.5,5377.1,5406.85,394137,0.007059108391771263,7.782395917431595
2023-11-07,BAJAJ-AUTO,5406.85,5445.0,5405.3,5419.0,202689,0.0022471494493097044,8.02459906906272
2023-11-08,BAJAJ-AUTO,5434.0,5435.25,5381.25,5397.6,202145,-0.003949068093744179,7.598002571539575
2023-11-09,BAJAJ-AUTO,5421.8,5455.0,5382.15,5418.9,232773,0.003946198310359916,8.02260562748549
2023-11-10,BAJAJ-AUTO,5409.95,5427.05,5349.05,5392.05,149325,-0.00495488014172607,7.48736656400435
2023-11-12,BAJAJ-AUTO,5425.0,5455.0,5358.6,5442.55,29055,0.009365640155414079,8.4940545604959
2023-11-13,BAJAJ-AUTO,5435.0,5439.8,5395.55,5425.2,93497,-0.003187843933450396,8.148192446849789
2023-11-15,BAJAJ-AUTO,5525.0,5555.0,5461.1,5536.7,640468,0.02055223770552228,10.370879805440026
2023-11-16,BAJAJ-AUTO,5520.0,5583.3,5496.95,5550.9,324712,0.002564704607437518,10.653948509403977
2023-11-17,BAJAJ-AUTO,5556.9,5674.95,5479.35,5631.5,531539,0.014520167900700764,12.260662420636015
2023-11-20,BAJAJ-AUTO,5610.05,5675.95,5606.0,5650.15,679425,0.00331172866909335,12.632439274785856
2023-11-21,BAJAJ-AUTO,5640.5,5707.35,5640.0,5685.95,746193,0.006336114970399098,13.346091359427392
2023-11-22,BAJAJ-AUTO,5680.0,5764.9,5661.3,5751.55,497403,0.011537210140785792,14.653789034077814
2023-11-23,BAJAJ-AUTO,5800.0,5945.0,5783.1,5925.25,1118718,0.030200554633098786,18.116397053693255
2023-11-24,BAJAJ-AUTO,5940.0,5960.0,5900.0,5930.3,297211,0.0008522847137251155,18.217065853342397
2023-11-28,BAJAJ-AUTO,5969.8,6039.65,5912.0,5998.15,380535,0.0114412424329291,19.569615963480036
2023-11-29,BAJAJ-AUTO,6010.0,6096.4,5973.3,6069.95,406974,0.011970357526904118,21.000907015917527
2023-11-30,BAJAJ-AUTO,6095.0,6128.9,6031.0,6090.55,501833,0.0033937676587121324,21.411555980822982
2023-12-01,BAJAJ-AUTO,6050.0,6090.0,6003.3,6046.05,439023,-0.007306400899754539,20.524474478964105
2023-12-04,BAJAJ-AUTO,6090.55,6217.7,6087.45,6201.7,359158,0.02574408084617219,23.62726629389298
2023-12-05,BAJAJ-AUTO,6194.05,6194.05,6111.1,6140.1,565826,-0.009932760372155958,22.399306282331022
2023-12-06,BAJAJ-AUTO,6089.05,6096.0,5987.85,6069.95,699201,-0.011424895360010456,21.000907015917527
2023-12-07,BAJAJ-AUTO,6069.95,6154.45,6063.1,6093.6,427407,0.0038962429674049837,21.472355948927913
2023-12-08,BAJAJ-AUTO,6115.0,6120.0,6048.05,6075.7,233266,-0.0029375082053302304,21.115529906607144
2023-12-11,BAJAJ-AUTO,6085.0,6145.0,6018.3,6138.4,175955,0.010319798541731817,22.365417775518416
2023-12-12,BAJAJ-AUTO,6164.0,6299.95,6149.95,6254.2,810900,0.018864850775446307,24.673823121928717
2023-12-13,BAJAJ-AUTO,6259.9,6329.0,6224.35,6316.1,373989,0.009897348981484422,25.9077634582223
2023-12-14,BAJAJ-AUTO,6325.0,6360.0,6284.2,6334.85,419212,0.0029686040436345262,26.281533753949347
2023-12-15,BAJAJ-AUTO,6368.95,6402.1,6256.15,6275.2,553522,-0.009416166128637715,25.092445853142987
2023-12-18,BAJAJ-AUTO,6275.2,6486.75,6262.15,6465.7,851061,0.030357598164201915,28.889952057729886
2023-12-19,BAJAJ-AUTO,6470.0,6470.25,6395.9,6419.0,377109,-0.007222729170855424,27.95901484117236
2023-12-20,BAJAJ-AUTO,6434.0,6466.0,6350.0,6364.45,385863,-0.008498208443682875,26.87159246080377
2023-12-21,BAJAJ-AUTO,6333.2,6345.0,6232.0,6246.35,397717,-0.018556198885999464,24.517337958117636
2023-12-22,BAJAJ-AUTO,6288.0,6395.0,6264.25,6372.1,237213,0.0201317569460564,27.024090741460416
2023-12-26,BAJAJ-AUTO,6379.85,6475.0,6370.05,6464.55,302139,0.014508560757050315,28.867027479591954
2023-12-27,BAJAJ-AUTO,6470.0,6740.25,6465.2,6709.65,1017894,0.03791447200501197,33.752952785336056
2023-12-28,BAJAJ-AUTO,6709.65,6738.65,6666.0,6703.3,406228,-0.0009463980982613585,33.62636924518316
2023-12-29,BAJAJ-AUTO,6729.95,6833.95,6666.0,6797.25,345626,0.014015484910417264,35.499207606972874
2024-01-01,BAJAJ-AUTO,6770.0,6795.5,6682.05,6701.1,253274,-0.014145426459229782,33.58251353048453
2024-01-02,BAJAJ-AUTO,6711.0,6736.8,6560.95,6665.05,361379,-0.005379713778334905,32.86387784189999
2024-01-03,BAJAJ-AUTO,6644.05,7059.85,6604.0,6986.5,1256275,0.04822919557992811,39.27179579184465
2024-01-04,BAJAJ-AUTO,7025.0,7028.95,6887.0,6922.15,619987,-0.009210620482358878,37.98901613690939
2024-01-05,BAJAJ-AUTO,6950.0,7084.0,6920.5,6978.5,659306,0.008140534371546382,39.11232046566777
2024-01-08,BAJAJ-AUTO,7018.95,7049.85,6961.5,6983.85,312733,0.0007666403955004508,39.21896959004856
2024-01-09,BAJAJ-AUTO,7341.0,7399.0,7075.9,7093.9,2125908,0.01575778403029826,41.412752045769196
2024-01-10,BAJAJ-AUTO,7125.0,7139.95,7020.0,7053.75,721432,-0.005659792215847337,40.612385252519005
2024-01-11,BAJAJ-AUTO,7090.0,7324.9,7075.0,7298.85,1031594,0.03474747474747475,45.4983105582631
2024-01-12,BAJAJ-AUTO,7360.0,7360.95,7252.0,7301.95,434753,0.00042472444289165523,45.560107247156644
2024-01-15,BAJAJ-AUTO,7364.0,7419.0,7304.05,7332.1,440410,0.00412903402515763,46.16112988268575
2024-01-16,BAJAJ-AUTO,7339.0,7356.15,7244.0,7293.95,272181,-0.005203147802130381,45.40063192097976
2024-01-17,BAJAJ-AUTO,7112.0,7210.0,7081.0,7165.95,619338,-0.01754879043590918,42.849026702149715
2024-01-18,BAJAJ-AUTO,7148.0,7189.25,7071.15,7083.6,557084,-0.011491846859104426,41.2074275633165
2024-01-19,BAJAJ-AUTO,7138.8,7180.0,7105.0,7136.55,327976,0.007475012705403961,42.26295487844971
2024-01-20,BAJAJ-AUTO,7170.0,7189.0,7050.0,7095.15,91479,-0.005801122391071445,41.437670065484355
2024-01-23,BAJAJ-AUTO,7075.0,7210.0,6936.55,7095.9,953921,0.00010570601044368466,41.45262087731343
2024-01-24,BAJAJ-AUTO,7075.1,7237.0,7028.2,7212.85,467134,0.016481348384278283,43.78395080186166
2024-01-25,BAJAJ-AUTO,7360.0,7625.15,7210.0,7597.5,2065788,0.053328434668681535,51.451723828603654
2024-01-29,BAJAJ-AUTO,7594.0,7640.0,7480.0,7548.8,457853,-0.006410003290556077,50.48091778050192
2024-01-30,BAJAJ-AUTO,7574.9,7660.0,7543.65,7566.4,266287,0.00233149639677821,50.83176349809104
2024-01-31,BAJAJ-AUTO,7566.4,7686.0,7515.1,7667.55,336874,0.013368312539649096,52.84812965343997
2024-02-01,BAJAJ-AUTO,7680.0,7765.0,7636.35,7655.75,394564,-0.0015389531206186913,52.61290354732908
2024-02-02,BAJAJ-AUTO,7675.0,7797.5,7665.6,7738.2,197720,0.010769682918068124,54.25649612773953
2024-02-05,BAJAJ-AUTO,7800.0,7838.0,7633.5,7658.25,252401,-0.010331860122509084,52.66273958675936
2024-02-06,BAJAJ-AUTO,7675.0,7747.7,7670.6,7720.4,131992,0.008115431071067158,53.90166352699597
2024-02-07,BAJAJ-AUTO,7745.0,7777.8,7665.6,7701.9,159783,-0.002396248899020792,53.53287683521193
2024-02-08,BAJAJ-AUTO,7729.0,7783.45,7668.15,7757.25,282537,0.007186538386631858,54.636246748198204
2024-02-09,BAJAJ-AUTO,7778.8,7790.5,7669.0,7784.85,173555,0.003557961906603513,55.18643662350844
2024-02-12,BAJAJ-AUTO,7775.0,7874.2,7766.05,7829.95,219911,0.005793303660314608,56.08547877483059
2024-02-13,BAJAJ-AUTO,7830.0,7935.15,7811.95,7917.4,258767,0.011168653695106556,57.82874343410158
2024-02-14,BAJAJ-AUTO,7899.0,8136.85,7880.0,8083.3,513900,0.02095384848561399,61.13586301069458
2024-02-15,BAJAJ-AUTO,8120.6,8156.85,8045.3,8123.05,394525,0.004917546051736332,61.92825603763594
2024-02-16,BAJAJ-AUTO,8185.85,8455.45,8137.1,8325.05,938756,0.024867506663137418,65.95500802360208
2024-02-19,BAJAJ-AUTO,8400.0,8650.0,8361.1,8509.7,1044959,0.022180046966685074,69.63589789592217
2024-02-20,BAJAJ-AUTO,8505.0,8505.0,8238.7,8295.2,547082,-0.025206529019824453,65.35996571280462
2024-02-21,BAJAJ-AUTO,8300.0,8376.85,8205.0,8232.25,439817,-0.007588726010222868,64.1050942399503
2024-02-22,BAJAJ-AUTO,8260.0,8550.0,8220.0,8498.45,548486,0.032336238573901444,69.41163571848593
2024-02-23,BAJAJ-AUTO,8497.5,8531.0,8401.05,8436.95,340749,-0.007236613735445929,68.18566914850118
2024-02-26,BAJAJ-AUTO,8458.8,8547.95,8375.0,8448.0,345968,0.0013097150036445182,68.40594444278297
2024-02-27,BAJAJ-AUTO,8460.0,8490.0,8383.5,8463.5,392445,0.0018347537878788955,68.71492788725068
2024-02-28,BAJAJ-AUTO,8470.0,8486.65,8071.85,8188.65,537728,-0.03247474449104981,63.23595371228632
2024-02-29,BAJAJ-AUTO,7997.4,8143.5,7890.0,7909.35,1042536,-0.03410818633108015,57.66827138713608
2024-03-01,BAJAJ-AUTO,7955.0,8094.0,7945.3,8040.05,399007,0.016524746028434567,60.27369952855079
2024-03-02,BAJAJ-AUTO,8079.9,8150.1,7989.15,8041.3,14968,0.00015547166995233397,60.29861754826593
2024-03-04,BAJAJ-AUTO,8068.75,8225.0,8046.65,8207.3,410053,0.020643428301393874,63.60773056643612
2024-03-05,BAJAJ-AUTO,8160.05,8388.0,8160.05,8351.75,615117,0.017600185200979723,66.48725692471737
2024-03-06,BAJAJ-AUTO,8369.7,8681.15,8364.0,8605.8,959543,0.03041877450833641,71.55159525162182
2024-03-07,BAJAJ-AUTO,8638.0,8972.85,8500.05,8879.05,1243547,0.031751841781124446,76.99867436135082
2024-03-11,BAJAJ-AUTO,9023.45,9025.0,8630.0,8659.4,631957,-0.024738006881366736,72.62007993700692
2024-03-12,BAJAJ-AUTO,8636.95,8699.95,8475.25,8527.7,324864,-0.015208905928817074,69.9947173798201
2024-03-13,BAJAJ-AUTO,8527.7,8617.2,8296.95,8384.9,430048,-0.016745429600009465,67.14808280756282
2024-03-14,BAJAJ-AUTO,8330.5,8400.0,8202.05,8383.55,392634,-0.0001610037090484795,67.12117134627044
2024-03-15,BAJAJ-AUTO,8384.8,8432.1,8110.0,8350.7,676870,-0.003918387795146305,66.46632578815668
2024-03-18,BAJAJ-AUTO,8343.0,8547.15,8294.2,8521.8,367524,0.020489300298178525,69.87710432676464
2024-03-19,BAJAJ-AUTO,8500.0,8687.9,8442.55,8640.2,673456,0.013893778309747029,72.23733915418246
2024-03-20,BAJAJ-AUTO,8640.0,8784.0,8562.0,8635.6,790885,-0.0005323950834471569,72.14564084163075
2024-03-21,BAJAJ-AUTO,8608.2,8770.0,8585.0,8750.6,720691,0.013316966973921929,74.43809865542337
2024-03-22,BAJAJ-AUTO,8700.05,9050.0,8682.0,8945.25,851210,0.022244188969899215,78.31833268546453
2024-03-26,BAJAJ-AUTO,8945.25,9020.0,8851.05,8960.55,534067,0.0017104049635281449,78.62332924677781
2024-03-27,BAJAJ-AUTO,8959.0,9287.8,8926.7,9162.5,1034030,0.022537679048719284,82.64908451195541
2024-03-28,BAJAJ-AUTO,9162.5,9243.6,8980.05,9148.15,847202,-0.0015661664392906394,82.36302564562563
2024-04-01,BAJAJ-AUTO,9194.8,9211.6,9013.1,9042.15,419820,-0.011587042188857866,80.249977573782
2024-04-02,BAJAJ-AUTO,9150.0,9357.95,9139.5,9276.1,803845,0.025873271290566935,84.91363414366708
2024-04-03,BAJAJ-AUTO,9248.95,9248.95,9065.2,9080.45,453210,-0.021091838164745913,81.01346569785382
2024-04-04,BAJAJ-AUTO,9139.0,9181.75,8988.05,9146.15,617929,0.007235324240538521,82.32315681408137
2024-04-05,BAJAJ-AUTO,9130.0,9130.0,9000.5,9009.5,356305,-0.014940712758920394,79.59911889882258
2024-04-08,BAJAJ-AUTO,9049.0,9090.0,8951.3,9030.5,376197,0.002330872967423181,80.01774163003688
2024-04-09,BAJAJ-AUTO,9090.0,9132.7,8936.4,8978.9,237944,-0.005713969326172408,78.989125776196
2024-04-10,BAJAJ-AUTO,9034.8,9049.8,8901.35,9005.55,319824,0.0029680695853611105,79.52037795652271
2024-04-12,BAJAJ-AUTO,8949.05,9119.0,8930.0,9064.85,480474,0.0065848282448046636,80.70248881180883
2024-04-15,BAJAJ-AUTO,9059.1,9177.7,8945.0,8997.05,386707,-0.007479439814227606,79.35093542245977
2024-04-16,BAJAJ-AUTO,8948.0,9029.45,8784.1,8919.15,487529,-0.008658393584563773,77.79804443381244
2024-04-18,BAJAJ-AUTO,8967.9,9129.0,8950.0,9021.3,819240,0.011452885084340947,79.83434500493345
2024-04-19,BAJAJ-AUTO,9075.05,9090.0,8700.05,8804.5,1385007,-0.02403201312449421,75.51256366554007
2024-04-22,BAJAJ-AUTO,8884.0,8884.0,8745.0,8795.75,323734,-0.0009938099835311576,75.33813752753412
2024-04-23,BAJAJ-AUTO,8845.0,8861.5,8761.0,8795.8,295346,5.6845635676427975e-06,75.33913424832272
2024-04-24,BAJAJ-AUTO,8819.9,8869.0,8680.0,8697.1,319824,-0.011221264694513122,73.37160741161553
2024-04-25,BAJAJ-AUTO,8697.0,8770.0,8641.4,8734.9,524667,0.004346276344988409,74.12512832780125
2024-04-26,BAJAJ-AUTO,8747.3,8994.95,8734.55,8974.3,521344,0.027407297164249167,78.89742746364432
2024-04-29,BAJAJ-AUTO,8974.3,8989.8,8729.0,8760.1,299443,-0.02386815684788779,74.62747560525843
2024-04-30,BAJAJ-AUTO,8799.4,8966.0,8795.0,8903.65,360403,0.016386799237451566,77.48906098934476
2024-05-02,BAJAJ-AUTO,8944.0,9146.45,8826.1,9110.65,638239,0.02324889230821059,81.61548505417147
2024-05-03,BAJAJ-AUTO,9170.0,9258.6,9064.35,9105.6,396042,-0.0005542963454856498,81.51481625452233
2024-05-06,BAJAJ-AUTO,9120.0,9185.75,8810.55,9052.55,458431,-0.0058260850465648995,80.45729549781188
2024-05-07,BAJAJ-AUTO,9055.15,9074.95,8642.55,8677.9,588285,-0.04138612877034642,72.98886662879099
2024-05-08,BAJAJ-AUTO,8651.0,8785.35,8592.8,8749.4,451581,0.008239320572949627,74.41417735649682
2024-05-09,BAJAJ-AUTO,8800.0,9007.45,8786.35,8846.85,645689,0.0111379065993098,76.35678617348893
2024-05-10,BAJAJ-AUTO,8950.0,9047.95,8906.5,8981.8,482797,0.015254016966490758,79.04693558193512
2024-05-13,BAJAJ-AUTO,9022.9,9025.0,8870.5,8992.3,435605,0.001169030706539953,79.25624694754228
2024-05-14,BAJAJ-AUTO,8952.25,9089.0,8882.75,9065.25,408162,0.008112496246788892,80.71046257811767
2024-05-15,BAJAJ-AUTO,9069.0,9125.0,8877.35,8903.15,274392,-0.01788147045034616,77.47909378145867
2024-05-16,BAJAJ-AUTO,8950.0,8955.55,8710.0,8871.85,680474,-0.0035156096437777284,76.85514656779165
2024-05-17,BAJAJ-AUTO,8891.0,8958.35,8765.5,8780.7,323961,-0.010274069106217976,75.03812457016383
2024-05-18,BAJAJ-AUTO,8815.0,8841.5,8780.0,8813.85,20151,0.0037753254296353234,75.69895045300925
2024-05-21,BAJAJ-AUTO,8775.0,8860.0,8775.0,8820.7,417798,0.0007771859062726261,75.83550120104823
2024-05-22,BAJAJ-AUTO,8850.0,8850.0,8736.0,8805.55,302838,-0.0017175507612776642,75.53349480210072
2024-05-23,BAJAJ-AUTO,8850.0,8985.0,8751.2,8963.45,731514,0.017931872512222613,78.68113905251688
2024-05-24,BAJAJ-AUTO,8980.0,9024.0,8870.1,8948.2,455920,-0.0017013538313930265,78.37713921199222
2024-05-27,BAJAJ-AUTO,9002.0,9069.45,8881.7,8998.7,301747,0.005643593124874169,79.38382720848374
2024-05-28,BAJAJ-AUTO,8998.7,9022.25,8916.2,8989.75,259094,-0.0009945881071711238,79.20541418732334
2024-05-29,BAJAJ-AUTO,8950.0,9139.45,8902.75,9070.2,339934,0.008949080897689088,80.80913793618959
2024-05-30,BAJAJ-AUTO,9068.0,9128.9,8927.6,8968.5,305109,-0.01121254217106582,78.781807852166
2024-05-31,BAJAJ-AUTO,8990.0,9125.5,8923.0,9084.75,560005,0.012962033784913896,81.09918368567375
2024-06-03,BAJAJ-AUTO,9180.0,9444.0,9122.55,9335.45,438422,0.027595696084097066,86.09674171974166
2024-06-04,BAJAJ-AUTO,9227.0,9372.85,8808.0,9246.75,738601,-0.009501416643011407,84.32855904075551
2024-06-05,BAJAJ-AUTO,9241.0,9679.0,9176.0,9602.25,489543,0.03844594046556904,91.41524384774054
2024-06-06,BAJAJ-AUTO,9595.3,9740.0,9454.0,9701.45,570095,0.010330912025827255,93.39273789233383
2024-06-07,BAJAJ-AUTO,9643.6,9740.1,9615.0,9725.55,246783,0.002484164738260519,93.8731573124416
2024-06-10,BAJAJ-AUTO,9779.0,9924.0,9681.5,9733.05,201452,0.0007711646127983585,94.02266543073246
2024-06-11,BAJAJ-AUTO,9740.0,9900.0,9700.1,9812.7,457442,0.008183457395164018,95.61044164698103
2024-06-12,BAJAJ-AUTO,9854.0,9944.0,9795.7,9904.25,277175,0.009329746145301465,97.43543741091767
2024-06-13,BAJAJ-AUTO,9904.0,9940.0,9825.25,9923.4,277783,0.001933513390716124,97.81718147295358
2024-06-14,BAJAJ-AUTO,9826.0,9995.0,9813.05,9961.75,320933,0.003864602857891475,98.58166631781398
2024-06-18,BAJAJ-AUTO,9922.0,10038.8,9908.0,9918.2,206100,-0.004371721836022746,97.71352251093862
2024-06-19,BAJAJ-AUTO,9939.5,9948.0,9670.0,9685.8,279789,-0.023431671069347404,93.0807642855003
2024-06-20,BAJAJ-AUTO,9692.0,9735.9,9565.0,9632.0,324597,-0.005554523116314547,92.00829271696081
2024-06-21,BAJAJ-AUTO,9675.0,9728.95,9571.1,9602.25,334018,-0.0030886627906976383,91.41524384774056
2024-06-24,BAJAJ-AUTO,9580.0,9758.95,9510.55,9745.25,283754,0.014892342940456604,94.26586530315224
2024-06-25,BAJAJ-AUTO,9755.0,9825.0,9645.0,9659.95,282048,-0.008752982222108185,92.56545963779128
2024-06-26,BAJAJ-AUTO,9659.9,9660.3,9441.5,9474.65,431217,-0.019182293904212888,88.87161239521933
2024-06-27,BAJAJ-AUTO,9564.65,9564.65,9365.65,9417.45,637626,-0.006037162322618639,87.73136381305466
2024-06-28,BAJAJ-AUTO,9465.0,9523.7,9382.25,9501.65,237516,0.00894084916829918,89.40984162106629
2024-07-01,BAJAJ-AUTO,9505.0,9693.95,9505.0,9532.4,289355,0.003236280014523807,90.02282490605866
2024-07-02,BAJAJ-AUTO,9520.0,9532.4,9381.1,9401.25,287884,-0.013758339977340439,87.40842627754648
2024-07-03,BAJAJ-AUTO,9474.0,9554.95,9384.6,9422.4,318120,0.0022497008376545224,87.8300391711266
2024-07-04,BAJAJ-AUTO,9479.9,9499.0,9420.35,9460.85,234656,0.004080701307522583,88.59651745756423
2024-07-05,BAJAJ-AUTO,9522.0,9660.0,9493.3,9635.8,608628,0.018491995962307772,92.08404349689481
2024-07-08,BAJAJ-AUTO,9640.0,9666.15,9470.0,9529.4,316215,-0.01104215529587571,89.96302165874235
2024-07-09,BAJAJ-AUTO,9565.0,9565.0,9481.2,9534.1,262913,0.0004932104854451502,90.05671341287129
2024-07-10,BAJAJ-AUTO,9550.0,9650.0,9451.95,9542.45,239607,0.0008758036941085567,90.22316578456841
2024-07-11,BAJAJ-AUTO,9542.45,9569.5,9383.0,9466.8,294900,-0.007927733443717444,88.71512723140829
2024-07-12,BAJAJ-AUTO,9499.95,9554.35,9412.0,9430.75,171581,-0.003808044957113177,87.99649154282375
2024-07-15,BAJAJ-AUTO,9430.75,9738.5,9403.95,9673.35,504086,0.02572435914428861,92.83258080913754
2024-07-16,BAJAJ-AUTO,9715.0,9909.95,9633.65,9718.35,1041123,0.004651956147559977,93.72962951888246
2024-07-18,BAJAJ-AUTO,9745.0,9745.0,9291.5,9626.2,1055384,-0.009482062284235426,91.89267310548257
2024-07-19,BAJAJ-AUTO,9635.0,9675.0,9340.0,9386.05,380782,-0.024947539008123853,87.10542315781038
2024-07-22,BAJAJ-AUTO,9350.0,9435.0,9263.2,9409.7,247040,0.0025196967840572793,87.57687209082079
2024-07-23,BAJAJ-AUTO,9435.0,9508.0,8744.6,9382.5,431989,-0.002890634132862946,87.03465598181938
2024-07-24,BAJAJ-AUTO,9360.0,9372.7,9250.0,9260.2,283213,-0.013034905409006092,84.59667693289038
2024-07-25,BAJAJ-AUTO,9260.0,9309.95,9171.0,9278.25,262328,0.0019492019610807265,84.95649313757694
2024-07-26,BAJAJ-AUTO,9319.0,9505.0,9268.45,9492.9,250956,0.023134750626464973,89.23541548306027
2024-07-29,BAJAJ-AUTO,9549.2,9621.05,9509.0,9557.65,302363,0.006820887189373126,90.52616890430438
2024-07-30,BAJAJ-AUTO,9550.65,9654.0,9512.0,9564.35,301885,0.0007010091392758433,90.65972948997751
2024-07-31,BAJAJ-AUTO,9600.0,9680.0,9580.05,9664.2,315292,0.010439810337346644,92.65018090482269
2024-08-01,BAJAJ-AUTO,9844.0,9844.0,9662.0,9730.5,308658,0.006860371267150889,93.97183267051355
2024-08-02,BAJAJ-AUTO,9714.8,9730.0,9581.75,9616.2,230615,-0.011746570063203232,91.69332894776143
2024-08-05,BAJAJ-AUTO,9396.2,9520.0,9369.3,9485.05,310757,-0.013638443459994765,89.07893031924921
2024-08-06,BAJAJ-AUTO,9515.25,9620.0,9400.0,9427.4,246541,-0.006077985883047532,87.92971124998708
2024-08-07,BAJAJ-AUTO,9570.0,9725.0,9497.5,9708.2,270583,0.029785518806882294,93.52729519879553
2024-08-08,BAJAJ-AUTO,9735.0,9777.7,9610.15,9641.3,365016,-0.006891081765930007,92.19368278364135
2024-08-09,BAJAJ-AUTO,9761.0,9775.0,9614.0,9765.95,161640,0.012928754421084543,94.67850770963489
2024-08-12,BAJAJ-AUTO,9741.0,9750.95,9615.0,9710.85,307698,-0.005642052232501693,93.58012140059164
2024-08-13,BAJAJ-AUTO,9700.0,9789.85,9650.0,9671.6,161706,-0.004041870691031124,92.79769558153635
2024-08-14,BAJAJ-AUTO,9704.0,9785.0,9671.6,9749.6,282934,0.008064849662930751,94.35258001176092
2024-08-16,BAJAJ-AUTO,9788.0,9925.0,9693.95,9888.15,240190,0.01421083941905299,97.1144933169867
2024-08-19,BAJAJ-AUTO,9926.95,9944.0,9759.3,9770.65,148301,-0.011882910352290388,94.77219946376381
2024-08-20,BAJAJ-AUTO,9772.2,9876.65,9755.05,9779.7,132844,0.0009262433922001545,94.9526059265014
2024-08-21,BAJAJ-AUTO,9779.1,9869.0,9735.0,9852.0,134985,0.007392864811804012,96.39386418682494
2024-08-22,BAJAJ-AUTO,9900.0,10011.0,9841.1,9914.2,388874,0.006313438895655832,97.6337848478502
2024-08-23,BAJAJ-AUTO,9970.0,10444.35,9930.0,10406.45,1229549,0.049651005628290834,107.44650101167123
2024-08-26,BAJAJ-AUTO,10375.1,10517.15,10339.65,10432.55,309223,0.0025080599051547914,107.96678926332328
2024-08-27,BAJAJ-AUTO,10401.0,10568.45,10350.0,10501.6,262396,0.006618707794355361,109.34326067238752
2024-08-28,BAJAJ-AUTO,10500.0,10715.0,10461.3,10656.75,338792,0.014773939209263398,112.43608527943034
2024-08-29,BAJAJ-AUTO,10582.05,10850.0,10555.4,10807.85,693506,0.014178806859502124,115.4481755025961
2024-08-30,BAJAJ-AUTO,10835.0,10921.35,10705.0,10891.55,498560,0.007744370989604787,117.1166861027217
2024-09-02,BAJAJ-AUTO,10926.0,11154.1,10912.15,11126.1,787108,0.021535043221580175,121.79230332207007
2024-09-03,BAJAJ-AUTO,11105.95,11118.7,11015.0,11043.65,217394,-0.00741050323114123,120.14871074165963
2024-09-04,BAJAJ-AUTO,11012.0,11029.85,10908.9,10963.7,324246,-0.007239454347068075,118.5549542006795
2024-09-05,BAJAJ-AUTO,10964.0,11015.85,10825.55,10855.75,297298,-0.009846128587976732,116.40303401808025
2024-09-06,BAJAJ-AUTO,10855.75,10913.95,10796.25,10830.1,216847,-0.0023628031227690416,115.89171625352566
2024-09-09,BAJAJ-AUTO,10830.1,10902.4,10780.0,10847.6,193055,0.0016158668895023265,116.24056852953757
2024-09-10,BAJAJ-AUTO,10793.4,11035.7,10780.05,10987.75,466892,0.012919908551200177,119.03437689999872
2024-09-11,BAJAJ-AUTO,11067.75,11501.3,10986.6,11420.75,1283385,0.03940752201315112,127.66597892932228
2024-09-12,BAJAJ-AUTO,11480.75,11779.25,11443.35,11723.5,1409151,0.026508766937372696,133.70112330432852
2024-09-13,BAJAJ-AUTO,11723.5,11893.95,11688.4,11737.15,417878,0.0011643280590267757,133.9732280796178
2024-09-16,BAJAJ-AUTO,11734.0,11751.8,11640.05,11688.35,172602,-0.004157738462914673,133.00042858993888
2024-09-17,BAJAJ-AUTO,11680.0,11972.85,11643.1,11950.3,444755,0.022411204318830258,138.22224880144302
2024-09-18,BAJAJ-AUTO,11840.5,12054.0,11740.0,11764.65,446416,-0.015535174849166888,134.52142451335084
2024-09-19,BAJAJ-AUTO,11811.2,12040.25,11811.2,11868.0,500633,0.00878479172776081,136.58164638339844
2024-09-20,BAJAJ-AUTO,11925.0,12015.0,11868.25,11941.7,772831,0.006209976407145268,138.0508128258029
2024-09-23,BAJAJ-AUTO,12000.0,12380.0,12000.0,12338.95,735579,0.03326578292872884,145.96975949127352
2024-09-24,BAJAJ-AUTO,12230.55,12477.5,12230.55,12443.65,503848,0.008485324926351012,148.0568928226134
2024-09-25,BAJAJ-AUTO,12390.0,12430.7,12310.0,12397.25,262012,-0.0037288094731047217,147.13193593078753
2024-09-26,BAJAJ-AUTO,12460.0,12676.5,12391.05,12621.65,641805,0.018100788481316465,151.60521883004895
2024-09-27,BAJAJ-AUTO,12621.65,12774.0,12551.6,12666.4,480852,0.003545495240321106,152.49728393585085
2024-09-30,BAJAJ-AUTO,12553.6,12651.15,12281.65,12345.95,479000,-0.02529921682561731,146.1093004016783
2024-10-01,BAJAJ-AUTO,12414.25,12500.0,12112.1,12157.45,670828,-0.015268164863781242,142.3516630286356
2024-10-03,BAJAJ-AUTO,11732.0,12018.85,11700.0,11806.45,670365,-0.028871185980612668,135.3546830926251
2024-10-04,BAJAJ-AUTO,11661.2,11948.3,11639.0,11774.4,650553,-0.002714617857188295,134.71578506712896
2024-10-07,BAJAJ-AUTO,11774.4,11817.0,11525.0,11617.05,341323,-0.013363738279657644,131.57910474538744
2024-10-08,BAJAJ-AUTO,11585.0,11936.85,11562.2,11889.1,359432,0.023418165541165825,137.00226255618992
2024-10-09,BAJAJ-AUTO,11944.0,11988.8,11802.0,11818.1,193883,-0.005971856574509382,135.58691903637015
2024-10-10,BAJAJ-AUTO,11821.5,12030.95,11803.1,11832.0,251378,0.001176161988813762,135.8640074156025
2024-10-11,BAJAJ-AUTO,11890.0,11930.65,11705.6,11876.95,200855,0.0037990196078432348,136.76005940455883
2024-10-14,BAJAJ-AUTO,11928.8,11990.1,11861.6,11899.3,177045,0.0018817962524046994,137.20559359706544
2024-10-15,BAJAJ-AUTO,11950.0,11950.0,11467.0,11521.5,476945,-0.031749766793004564,129.6743713183624
2024-10-16,BAJAJ-AUTO,11537.9,11680.0,11381.15,11616.95,504602,0.008284511565334496,131.5771113038103
2024-10-17,BAJAJ-AUTO,11222.2,11287.35,10071.0,10119.45,3668914,-0.12890646856532906,101.72532368507596
2024-10-18,BAJAJ-AUTO,10049.55,10149.1,9841.1,10063.95,1543331,-0.005484487793308901,100.61896360972389
2024-10-21,BAJAJ-AUTO,10063.0,10829.85,9881.4,10500.5,2110278,0.04337760024642412,109.32133281503842
2024-10-22,BAJAJ-AUTO,10500.5,10614.95,10320.0,10368.35,1191148,-0.012585114994524083,106.68699977075411
2024-10-23,BAJAJ-AUTO,10368.0,10735.1,10342.45,10586.75,1323887,0.02106410373878198,111.04067617538287
2024-10-24,BAJAJ-AUTO,10504.0,10593.45,10210.0,10302.5,653421,-0.02684959973551848,105.37431849216068
2024-10-25,BAJAJ-AUTO,10300.0,10368.2,9925.0,10206.1,644769,-0.009356952196068913,103.4526408117293
2024-10-28,BAJAJ-AUTO,10206.1,10292.75,9985.0,10011.25,340768,-0.019091523696612822,99.5684198985337
2024-10-29,BAJAJ-AUTO,10073.95,10073.95,9640.0,9850.85,1100706,-0.01602197527781246,96.3709396086873
2024-10-30,BAJAJ-AUTO,9820.0,10057.75,9770.0,9940.65,604822,0.009115964612190774,98.16105014502274
2024-10-31,BAJAJ-AUTO,9940.0,10030.9,9805.0,9836.3,361801,-0.010497301484309385,96.08089385920309
2024-11-01,BAJAJ-AUTO,9905.0,9950.0,9838.8,9875.95,53757,0.004030987261470331,96.87129344456724
2024-11-04,BAJAJ-AUTO,9896.5,9896.5,9365.0,9525.55,1125992,-0.03548013102536984,89.88627415801996
2024-11-05,BAJAJ-AUTO,9530.0,10007.3,9500.2,9874.85,1019901,0.03666979859430697,96.8493655872179
2024-11-06,BAJAJ-AUTO,9883.4,10054.0,9848.8,10020.5,514045,0.01474959113302976,99.75281324442567
2024-11-07,BAJAJ-AUTO,10070.6,10079.8,9789.95,9856.65,473407,-0.016351479467092478,96.48655922016547
2024-11-08,BAJAJ-AUTO,9856.65,9991.05,9777.25,9910.4,273163,0.005453171209285124,97.55803406791637
2024-11-11,BAJAJ-AUTO,9850.05,10032.9,9800.0,9919.35,359768,0.0009030917016468187,97.73644708907676
2024-11-12,BAJAJ-AUTO,9900.0,9999.0,9662.0,9678.7,316606,-0.024260662240973452,92.93922993351855
2024-11-13,BAJAJ-AUTO,9678.7,9710.0,9416.1,9452.15,494123,-0.023407069131185065,88.42308804034707
2024-11-14,BAJAJ-AUTO,9410.0,9516.95,9400.0,9482.95,275791,0.0032585179033342015,89.03706804612806
2024-11-18,BAJAJ-AUTO,9459.05,9603.0,9435.85,9516.5,292519,0.0035379285981682607,89.70586769528232
2024-11-19,BAJAJ-AUTO,9560.0,9698.6,9500.45,9545.7,365397,0.003068354962433739,90.28795263582793
2024-11-21,BAJAJ-AUTO,9473.5,9554.0,9414.35,9505.0,282212,-0.004263699885812544,89.47662191390306
2024-11-22,BAJAJ-AUTO,9545.0,9602.9,9444.1,9481.65,619823,-0.0024566017885323532,89.0111533056243
2023-10-03,BEL,137.9,140.6,137.2,139.2,19010910,0.0,0.0
2023-10-04,BEL,138.0,139.15,136.55,138.85,14912053,-0.0025143678160919336,-0.25143678160919336
2023-10-05,BEL,139.5,141.35,138.1,138.95,15996620,0.0007202016564638036,-0.17959770114942541
2023-10-06,BEL,139.0,140.5,138.65,139.0,4987359,0.0003598416696655171,-0.1436781609195248
2023-10-09,BEL,136.2,137.6,135.05,135.75,10489249,-0.023381294964028743,-2.478448275862055
2023-10-10,BEL,137.4,141.0,136.5,139.95,15593722,0.030939226519336893,0.5387931034482873
2023-10-11,BEL,139.95,140.5,137.5,137.75,10778916,-0.01571989996427292,-1.0416666666666519
2023-10-12,BEL,137.95,138.7,137.2,138.2,7567439,0.0032667876588021727,-0.7183908045976906
2023-10-13,BEL,136.3,138.2,136.3,137.45,8303230,-0.00542691751085389,-1.2571839080459668
2023-10-16,BEL,137.0,137.9,136.55,137.4,7785480,-0.00036376864314280333,-1.2931034482758341
2023-10-17,BEL,137.5,138.9,137.5,138.55,6076896,0.008369723435225573,-0.4669540229884861
2023-10-18,BEL,138.75,138.95,136.4,137.05,6806231,-0.01082641645615301,-1.5445402298850386
2023-10-19,BEL,136.0,137.2,135.05,137.0,7775836,-0.00036483035388557017,-1.5804597701149392
2023-10-20,BEL,136.7,136.9,133.5,134.2,8982112,-0.020437956204379604,-3.5919540229885083
2023-10-23,BEL,134.3,135.9,131.4,132.7,19333777,-0.011177347242920965,-4.669540229885061
2023-10-25,BEL,132.5,134.65,129.25,131.2,10225867,-0.01130369253956287,-5.747126436781603
2023-10-26,BEL,130.0,130.2,127.0,128.85,18167694,-0.017911585365853577,-7.435344827586188
2023-10-27,BEL,129.25,132.85,129.25,132.2,8761931,0.02599922390376408,-5.028735632183889
2023-10-30,BEL,133.5,133.95,130.8,131.95,9052085,-0.0018910741301059186,-5.208333333333314
2023-10-31,BEL,132.5,133.65,130.75,133.25,8098744,0.009852216748768461,-4.274425287356309
2023-11-01,BEL,133.75,134.55,132.05,132.4,10431945,-0.006378986866791725,-4.8850574712643535
2023-11-02,BEL,133.7,135.0,133.3,134.75,4885035,0.017749244712990997,-3.1968390804597457
2023-11-03,BEL,135.15,137.0,134.75,135.95,9154983,0.008905380333951607,-2.3347701149425193
2023-11-06,BEL,136.95,138.0,136.0,137.65,7070089,0.012504597278411245,-1.1135057471264198
2023-11-07,BEL,137.55,138.95,136.7,138.05,8587321,0.002905920813657925,-0.8261494252873258
2023-11-08,BEL,137.75,141.15,137.7,140.4,9755483,0.017022817819630554,0.862068965517282
2023-11-09,BEL,139.95,139.95,137.6,137.95,5481774,-0.017450142450142536,-0.8979885057470938
2023-11-10,BEL,137.5,139.1,137.05,138.8,5781314,0.006161652772743942,-0.2873563218390274
2023-11-12,BEL,139.95,140.3,139.3,139.6,1362464,0.0057636887608067955,0.2873563218391162
2023-11-13,BEL,139.15,144.2,139.05,143.4,20245049,0.027220630372492893,3.017241379310387
2023-11-15,BEL,144.5,145.4,142.5,143.05,11440473,-0.0024407252440724614,2.7658045977011936
2023-11-16,BEL,143.25,144.35,142.2,142.6,11453235,-0.0031457532331353733,2.442528735632221
2023-11-17,BEL,142.85,146.5,141.8,146.1,13496261,0.024544179523141585,4.956896551724177
2023-11-20,BEL,146.4,146.75,143.15,143.85,7741502,-0.015400410677618104,3.340517241379337
2023-11-21,BEL,144.15,144.55,142.25,142.85,9972235,-0.006951685783802564,2.6221264367816355
2023-11-22,BEL,143.25,143.45,140.15,141.85,7445272,-0.007000350017500878,1.9037356321839338
2023-11-23,BEL,141.85,142.55,139.1,139.35,13138745,-0.017624250969333843,0.10775862068967967
2023-11-24,BEL,139.95,142.15,137.35,140.35,19614754,0.007176175098672299,0.8261494252873591
2023-11-28,BEL,141.65,141.8,140.4,141.3,8595693,0.006768792304951976,1.5086206896551824
2023-11-29,BEL,142.05,142.65,140.5,141.0,14680789,-0.002123142250530896,1.2931034482758674
2023-11-30,BEL,141.0,146.35,140.75,145.9,27591484,0.034751773049645385,4.813218390804597
2023-12-01,BEL,147.95,150.3,146.75,147.45,34466616,0.010623714873200685,5.926724137931028
2023-12-04,BEL,152.0,157.5,151.6,153.55,51416976,0.041369955917260226,10.308908045977017
2023-12-05,BEL,153.7,155.1,149.95,152.0,29109123,-0.010094431781178859,9.195402298850563
2023-12-06,BEL,152.6,157.15,151.85,156.15,26688698,0.0273026315789473,12.176724137931005
2023-12-07,BEL,161.8,161.8,158.25,160.35,51346222,0.026897214217098897,15.193965517241349
2023-12-08,BEL,161.35,162.35,157.3,158.75,22869782,-0.009978172747115654,14.044540229885039
2023-12-11,BEL,159.8,163.25,159.15,161.25,22941648,0.015748031496062964,15.840517241379292
2023-12-12,BEL,162.45,162.8,160.0,160.8,16306341,-0.0027906976744185297,15.517241379310342
2023-12-13,BEL,160.2,163.9,159.4,162.85,16804086,0.012748756218905255,16.989942528735604
2023-12-14,BEL,163.1,164.35,162.6,164.0,13887946,0.007061713233036615,17.816091954022962
2023-12-15,BEL,166.0,170.2,165.25,169.05,39766631,0.03079268292682924,21.44396551724135
2023-12-18,BEL,171.75,174.35,169.45,172.7,35901409,0.021591245193729458,24.066091954022937
2023-12-19,BEL,172.9,174.4,171.1,173.05,14732129,0.002026635784597719,24.317528735632155
2023-12-20,BEL,173.75,176.3,166.15,167.25,24511237,-0.03351632476162969,20.15086206896548
2023-12-21,BEL,165.0,171.85,164.05,170.65,22646625,0.020328849028400597,22.593390804597657
2023-12-22,BEL,171.95,175.25,169.4,174.8,19640046,0.024318781130969747,25.574712643678097
2023-12-26,BEL,178.0,184.5,178.0,181.95,52736391,0.04090389016018303,30.711206896551644
2023-12-27,BEL,184.0,184.9,179.1,180.2,26206240,-0.00961802693047542,29.454022988505656
2023-12-28,BEL,181.5,184.25,180.8,182.7,20453485,0.013873473917868973,31.24999999999991
2023-12-29,BEL,182.95,185.2,181.1,184.2,19305150,0.008210180623973828,32.327586206896484
2024-01-01,BEL,184.8,187.0,184.45,184.95,18008785,0.004071661237784907,32.866379310344755
2024-01-02,BEL,186.0,186.2,179.75,182.15,22790965,-0.015139226818058793,30.854885057471204
2024-01-03,BEL,182.35,184.7,180.6,182.35,18738690,0.0010979961570134478,30.99856321839074
2024-01-04,BEL,182.5,187.65,182.5,186.9,25403124,0.0249520153550864,34.26724137931028
2024-01-05,BEL,187.7,188.65,184.05,185.95,22023938,-0.005082932049224276,33.58477011494245
2024-01-08,BEL,186.75,187.5,183.2,183.6,11472441,-0.012637805861790752,31.896551724137858
2024-01-09,BEL,184.9,186.7,184.2,184.65,11550790,0.005718954248365993,32.65086206896544
2024-01-10,BEL,184.4,186.0,182.05,185.6,8701594,0.005144868670457603,33.33333333333326
2024-01-11,BEL,187.0,187.65,183.8,184.35,10942508,-0.006734913793103425,32.43534482758614
2024-01-12,BEL,185.35,185.5,183.1,183.5,8853157,-0.004610794684024921,31.824712643678097
2024-01-15,BEL,184.9,189.9,184.1,188.65,24570393,0.028065395095367984,35.52442528735629
2024-01-16,BEL,188.9,190.25,185.1,186.8,16471601,-0.00980652001060156,34.19540229885054
2024-01-17,BEL,186.3,188.5,183.8,185.65,16350370,-0.006156316916488214,33.369252873563184
2024-01-18,BEL,185.65,189.0,180.0,188.2,24831623,0.013735523835173513,35.20114942528729
2024-01-19,BEL,190.0,193.7,190.0,191.85,22303305,0.019394261424017012,37.823275862068904
2024-01-20,BEL,193.0,195.0,190.7,193.4,12654436,0.008079228563982355,38.93678160919536
2024-01-23,BEL,195.25,195.5,184.4,187.1,26628471,-0.03257497414684596,34.410919540229834
2024-01-24,BEL,186.8,190.2,184.0,189.25,14742783,0.011491181186531252,35.95545977011489
2024-01-25,BEL,190.75,192.0,188.3,189.7,12592882,0.0023778071334212836,36.278735632183846
2024-01-29,BEL,190.0,193.7,187.55,190.9,28919512,0.00632577754348973,37.140804597701084
2024-01-30,BEL,192.0,192.35,187.0,187.9,20894159,-0.01571503404924046,34.98563218390798
2024-01-31,BEL,188.2,189.1,184.85,185.9,23757415,-0.010643959552953719,33.548850574712574
2024-02-01,BEL,187.7,188.4,181.55,183.4,27835431,-0.013448090371167343,31.75287356321832
2024-02-02,BEL,185.0,187.75,183.85,184.6,27710061,0.0065430752453652374,32.614942528735554
2024-02-05,BEL,187.0,187.0,178.8,181.55,23880364,-0.016522210184181874,30.423850574712596
2024-02-06,BEL,182.4,183.55,180.7,183.1,12134363,0.008537592949600548,31.537356321839027
2024-02-07,BEL,184.15,184.15,179.65,181.7,14192151,-0.0076460950300382136,30.531609195402254
2024-02-08,BEL,182.2,187.1,181.75,184.8,29094709,0.01706108970831055,32.75862068965514
2024-02-09,BEL,185.5,185.7,176.5,180.65,21081134,-0.022456709956710008,29.777298850574674
2024-02-12,BEL,181.25,183.1,173.65,174.65,19640568,-0.03321339606974816,25.466954022988464
2024-02-13,BEL,174.75,176.9,171.75,176.6,13961795,0.01116518751789286,26.867816091953966
2024-02-14,BEL,177.25,182.15,175.3,181.6,23449380,0.028312570781426905,30.459770114942476
2024-02-15,BEL,183.0,186.3,182.6,185.95,17335763,0.023953744493391937,33.58477011494245
2024-02-16,BEL,189.0,190.4,186.85,188.3,29843059,0.012637805861790863,35.27298850574705
2024-02-19,BEL,189.95,192.5,188.3,188.75,25343215,0.0023898035050451405,35.59626436781602
2024-02-20,BEL,189.1,191.45,186.25,190.65,17809897,0.010066225165562992,36.961206896551666
2024-02-21,BEL,191.3,192.55,187.0,188.7,17870782,-0.010228166797797145,35.56034482758614
2024-02-22,BEL,189.75,196.0,188.7,194.75,31992371,0.03206147323794384,39.90660919540223
2024-02-23,BEL,196.3,207.0,195.95,205.3,76179371,0.05417201540436456,47.48563218390798
2024-02-26,BEL,205.65,206.9,202.8,204.25,27013630,-0.005114466634193904,46.73132183908037
2024-02-27,BEL,203.55,209.0,203.1,205.35,28877205,0.005385556915544543,47.52155172413784
2024-02-28,BEL,206.2,209.0,201.45,205.65,38996363,0.0014609203798392478,47.737068965517125
2024-02-29,BEL,205.45,205.9,199.75,205.1,24059731,-0.002674446875759795,47.341954022988396
2024-03-01,BEL,205.95,208.05,204.8,205.6,12949604,0.0024378352023404215,47.70114942528727
2024-03-02,BEL,206.0,207.7,205.9,206.75,1497553,0.005593385214007762,48.52729885057463
2024-03-04,BEL,207.95,212.95,206.35,209.6,34272251,0.013784764207980693,50.574712643678076
2024-03-05,BEL,211.0,213.75,209.85,210.75,24964592,0.0054866412213741,51.40086206896544
2024-03-06,BEL,211.8,213.45,205.6,210.45,26236957,-0.00142348754448407,51.18534482758612
2024-03-07,BEL,211.45,216.8,211.15,215.2,41484038,0.0225706818721787,54.59770114942521
2024-03-11,BEL,216.45,216.45,211.9,212.55,22800967,-0.012314126394051939,52.693965517241324
2024-03-12,BEL,211.0,211.35,201.5,204.25,34719550,-0.039049635379910685,46.731321839080394
2024-03-13,BEL,204.1,205.6,188.2,190.3,41620003,-0.06829865361077103,36.70977011494247
2024-03-14,BEL,189.0,197.15,186.25,195.25,34622781,0.026011560693641522,40.265804597701084
2024-03-15,BEL,196.75,196.75,179.1,188.85,88781999,-0.03277848911651726,35.6681034482758
2024-03-18,BEL,190.0,192.0,187.05,189.9,22999225,0.005559968228753043,36.4224137931034
2024-03-19,BEL,190.0,192.45,184.55,185.4,27819341,-0.023696682464455,33.189655172413744
2024-03-20,BEL,186.9,187.95,182.5,187.45,16235947,0.011057173678532761,34.662356321839006
2024-03-21,BEL,190.0,197.5,190.0,196.85,43152810,0.05014670578821012,41.41522988505739
2024-03-22,BEL,196.5,198.95,192.75,197.5,31321524,0.0033020066040132523,41.8821839080459
2024-03-26,BEL,197.0,200.5,195.95,199.4,25723863,0.009620253164557058,43.24712643678155
2024-03-27,BEL,200.0,203.95,198.0,199.45,37817130,0.00025075225677029245,43.283045977011426
2024-03-28,BEL,200.5,202.45,199.0,201.5,17425093,0.010278265229380912,44.75574712643673
2024-04-01,BEL,205.0,212.75,203.75,211.1,45840349,0.047642679900744334,51.65229885057465
2024-04-02,BEL,213.75,222.65,212.6,221.0,93873385,0.04689720511605877,58.76436781609189
2024-04-03,BEL,221.7,225.45,218.85,221.5,47658754,0.002262443438914019,59.12356321839074
2024-04-04,BEL,223.5,223.9,218.25,220.3,18279026,-0.005417607223476284,58.261494252873504
2024-04-05,BEL,220.35,226.0,218.75,224.5,25365958,0.01906491148433953,61.278735632183846
2024-04-08,BEL,225.55,225.7,222.1,223.55,16422350,-0.004231625835189212,60.59626436781605
2024-04-09,BEL,224.8,228.9,221.2,228.15,29048035,0.02057705211362104,63.90086206896546
2024-04-10,BEL,229.0,232.85,226.5,228.75,37218693,0.002629848783694877,64.33189655172407
2024-04-12,BEL,231.3,235.4,230.55,233.5,57174716,0.02076502732240426,67.74425287356314
2024-04-15,BEL,230.0,238.0,226.0,234.45,51676313,0.0040685224839400735,68.42672413793096
2024-04-16,BEL,232.5,236.95,230.0,233.45,32508661,-0.004265301770100205,67.70833333333326
2024-04-18,BEL,235.6,237.4,229.2,231.15,18623078,-0.00985221674876835,66.05603448275856
2024-04-19,BEL,228.55,234.5,225.7,233.3,27227241,0.009301319489509075,67.60057471264365
2024-04-22,BEL,236.0,236.15,232.3,233.3,17549094,0.0,67.60057471264365
2024-04-23,BEL,234.25,236.1,231.75,234.35,19202860,0.004500642948992661,68.35488505747122
2024-04-24,BEL,235.25,239.15,234.1,236.5,33392337,0.00917431192660545,69.89942528735627
2024-04-25,BEL,236.4,240.05,235.45,237.6,16197834,0.0046511627906975495,70.68965517241372
2024-04-26,BEL,238.5,241.65,237.9,238.95,20473627,0.005681818181818121,71.65948275862061
2024-04-29,BEL,240.15,240.2,234.85,235.4,19876408,-0.014856664574178668,69.10919540229878
2024-04-30,BEL,236.3,237.3,233.2,233.75,14514418,-0.007009345794392496,67.92385057471257
2024-05-02,BEL,234.7,237.4,230.75,234.75,19171145,0.004278074866310266,68.64224137931029
2024-05-03,BEL,237.1,238.0,231.15,234.1,15782582,-0.0027689030883919497,68.17528735632179
2024-05-06,BEL,235.1,235.85,230.0,231.85,32422021,-0.009611277231952209,66.55890804597695
2024-05-07,BEL,232.5,235.8,225.45,227.4,26418769,-0.01919344403709289,63.362068965517196
2024-05-08,BEL,227.2,232.65,224.6,231.6,18952985,0.01846965699208436,66.37931034482753
2024-05-09,BEL,234.5,238.2,225.3,226.2,35229412,-0.023316062176165775,62.49999999999996
2024-05-10,BEL,227.9,228.5,223.15,227.1,18478580,0.003978779840848823,63.14655172413788
2024-05-13,BEL,228.4,228.7,221.0,224.75,32874369,-0.010347864376926474,61.45833333333328
2024-05-14,BEL,225.75,231.9,225.75,230.95,23191411,0.02758620689655178,65.91235632183903
2024-05-15,BEL,231.8,234.5,229.55,232.85,33045920,0.00822688893699941,67.27729885057468
2024-05-16,BEL,234.75,240.0,227.5,237.9,55556781,0.021687781833798603,70.90517241379305
2024-05-17,BEL,241.0,249.65,237.85,248.2,82231249,0.04329550231189572,78.30459770114938
2024-05-18,BEL,251.5,260.6,250.05,258.8,23619459,0.042707493956486875,85.91954022988504
2024-05-21,BEL,283.0,283.0,271.05,274.15,127035921,0.05931221020092714,96.94683908045971
2024-05-22,BEL,277.0,284.5,264.3,283.6,85801218,0.0344701805580887,103.73563218390798
2024-05-23,BEL,286.3,293.3,283.2,288.5,70631009,0.017277856135401892,107.25574712643669
2024-05-24,BEL,288.0,299.9,286.0,297.2,63609206,0.03015597920277302,113.50574712643669
2024-05-27,BEL,301.75,303.2,289.65,294.45,49890427,-0.009253028263795371,111.53017241379301
2024-05-28,BEL,295.7,295.75,285.05,289.1,33893805,-0.0181694685005942,107.68678160919536
2024-05-29,BEL,285.4,293.95,285.0,292.15,31645904,0.010549982704946226,109.8778735632183
2024-05-30,BEL,293.0,296.3,289.65,290.65,42769599,-0.005134348793428001,108.80028735632177
2024-05-31,BEL,294.2,297.2,286.3,295.95,51397345,0.018234990538448237,112.60775862068955
2024-06-03,BEL,323.0,323.0,309.3,318.65,67256146,0.07670214563270816,128.91522988505733
2024-06-04,BEL,312.0,312.0,230.05,255.55,268052657,-0.19802290914796794,83.58477011494243
2024-06-05,BEL,264.5,264.5,230.0,260.35,193487058,0.018783017022109272,87.0330459770114
2024-06-06,BEL,267.0,281.5,267.0,273.65,95502477,0.05108507777991145,96.58764367816079
2024-06-07,BEL,274.0,284.55,268.7,283.2,60109827,0.0348985930933674,103.44827586206881
2024-06-10,BEL,288.9,292.0,281.1,283.4,42363741,0.0007062146892655718,103.59195402298838
2024-06-11,BEL,287.0,290.5,285.35,286.2,32269277,0.009880028228652193,105.60344827586196
2024-06-12,BEL,287.9,293.0,286.05,290.5,33990756,0.015024458420684894,108.6925287356321
2024-06-13,BEL,293.9,303.0,287.05,300.9,49511492,0.03580034423407907,116.16379310344817
2024-06-14,BEL,305.0,310.5,301.5,309.6,67366844,0.02891326021934204,122.41379310344817
2024-06-18,BEL,313.0,321.0,312.25,318.25,64859245,0.02793927648578798,128.62787356321826
2024-06-19,BEL,319.9,319.9,304.1,309.3,58698689,-0.028122545168892343,122.19827586206887
2024-06-20,BEL,309.8,313.35,302.25,311.9,39505506,0.008406078241189663,124.06609195402285
2024-06-21,BEL,312.7,314.0,304.1,304.95,37620968,-0.022282782943251034,119.07327586206881
2024-06-24,BEL,304.8,311.9,297.45,309.75,39139609,0.015740285292670908,122.52155172413777
2024-06-25,BEL,310.9,314.95,309.2,309.7,29124110,-0.00016142050040357514,122.48563218390788
2024-06-26,BEL,310.0,311.5,305.85,306.85,24238007,-0.009202453987729897,120.43821839080447
2024-06-27,BEL,306.1,308.15,301.2,304.5,39996580,-0.0076584650480691074,118.74999999999987
2024-06-28,BEL,306.0,309.8,302.75,305.9,24256902,0.0045977011494251485,119.7557471264366
2024-07-01,BEL,310.95,312.5,305.85,307.65,39495237,0.005720823798627039,121.01293103448256
2024-07-02,BEL,309.0,309.0,303.0,306.1,23974162,-0.00503819275150319,119.89942528735615
2024-07-03,BEL,307.0,315.45,305.75,314.5,44919849,0.0274420124142436,125.93390804597679
2024-07-04,BEL,317.4,318.5,313.05,317.35,35591681,0.009062003179650224,127.98132183908022
2024-07-05,BEL,317.65,326.8,314.5,324.05,63125211,0.021112336536946552,132.79454022988483
2024-07-08,BEL,328.45,335.8,325.6,334.6,70983243,0.03255670421231294,140.37356321839053
2024-07-09,BEL,338.0,339.35,328.7,334.8,52225572,0.000597728631201333,140.51724137931006
2024-07-10,BEL,340.0,340.5,324.15,333.85,46779965,-0.002837514934289076,139.83477011494222
2024-07-11,BEL,335.5,338.2,333.0,335.5,31919433,0.0049423393739702615,141.0201149425284
2024-07-12,BEL,336.9,337.5,328.1,333.1,24517961,-0.0071535022354694,139.29597701149393
2024-07-15,BEL,336.0,336.05,331.0,331.4,22021926,-0.005103572500750664,138.0747126436778
2024-07-16,BEL,333.25,334.4,324.5,326.15,26585927,-0.015841882920941464,134.30316091953983
2024-07-18,BEL,326.5,326.7,312.3,313.55,48043715,-0.03863253104399811,125.25143678160885
2024-07-19,BEL,309.9,316.9,305.0,306.3,43313606,-0.02312230904162016,120.04310344827553
2024-07-22,BEL,306.0,314.7,297.3,312.3,39386992,0.019588638589618013,124.35344827586175
2024-07-23,BEL,317.0,317.0,281.1,301.45,76513131,-0.03474223503041951,116.55890804597671
2024-07-24,BEL,302.5,306.5,299.3,300.1,24099148,-0.004478354619339764,115.5890804597698
2024-07-25,BEL,297.95,303.4,293.4,301.45,27820556,0.004498500499833247,116.55890804597666
2024-07-26,BEL,303.8,310.5,302.0,309.9,24512844,0.02803118261734938,122.62931034482722
2024-07-29,BEL,312.8,325.6,310.85,321.35,51391698,0.03694740238786731,130.85488505747094
2024-07-30,BEL,325.2,326.55,317.6,318.1,41111245,-0.010113583320367159,128.52011494252844
2024-07-31,BEL,319.9,320.6,315.45,316.05,25709971,-0.006444514303678095,127.04741379310316
2024-08-01,BEL,317.7,317.7,308.05,311.15,28141436,-0.015503875968992387,123.52729885057441
2024-08-02,BEL,305.3,308.7,301.7,302.95,26155604,-0.026353848626064602,117.63649425287328
2024-08-05,BEL,289.85,297.45,285.0,290.25,50390560,-0.04192110909390989,108.51293103448248
2024-08-06,BEL,292.0,302.6,286.35,287.25,39171936,-0.01033591731266148,106.35775862068937
2024-08-07,BEL,295.5,301.0,289.8,300.2,22199473,0.04508268059181897,115.66091954022957
2024-08-08,BEL,301.0,302.7,297.15,298.25,21963656,-0.006495669553630901,114.26005747126405
2024-08-09,BEL,302.5,305.0,300.65,302.2,15551076,0.01324392288348708,117.09770114942498
2024-08-12,BEL,299.0,303.65,298.25,301.4,15361379,-0.002647253474520217,116.52298850574678
2024-08-13,BEL,302.0,302.65,295.4,296.15,14746085,-0.017418712674187153,112.75143678160885
2024-08-14,BEL,296.15,297.05,290.65,293.7,16641055,-0.008272834712139132,110.99137931034448
2024-08-16,BEL,296.5,303.9,296.0,303.3,21353408,0.03268641470888678,117.88793103448243
2024-08-19,BEL,304.8,305.55,301.1,302.15,12232725,-0.0037916254533466587,117.06178160919505
2024-08-20,BEL,302.15,304.5,297.8,303.15,14183642,0.00330961442991895,117.78017241379276
2024-08-21,BEL,303.0,306.75,302.55,305.4,11862616,0.00742206828302816,119.39655172413754
2024-08-22,BEL,306.4,306.9,303.5,304.5,13074829,-0.0029469548133594925,118.74999999999964
2024-08-23,BEL,305.5,309.2,304.1,306.0,21891698,0.0049261083743843415,119.82758620689621
2024-08-26,BEL,308.7,308.9,305.8,306.7,15280637,0.002287581699346397,120.3304597701146
2024-08-27,BEL,306.6,307.45,299.6,300.9,16873099,-0.018910987936093915,116.16379310344796
2024-08-28,BEL,301.05,304.5,299.5,299.95,14005947,-0.003157195081422315,115.48132183908018
2024-08-29,BEL,299.35,301.05,292.1,296.2,19185385,-0.012502083680613452,112.7873563218388
2024-08-30,BEL,296.8,302.15,294.35,299.3,28684991,0.010465901417960888,115.01436781609166
2024-09-02,BEL,301.95,301.95,295.05,296.9,11713172,-0.008018710324089628,113.29022988505714
2024-09-03,BEL,300.0,301.35,296.75,297.15,13971488,0.0008420343550017417,113.46982758620658
2024-09-04,BEL,297.15,301.9,295.3,298.95,17937646,0.006057546693589044,114.76293103448243
2024-09-05,BEL,299.0,299.5,290.0,290.6,26342723,-0.027931092155878745,108.76436781609166
2024-09-06,BEL,290.35,290.35,282.05,283.6,30062372,-0.02408809359944941,103.73563218390775
2024-09-09,BEL,282.0,284.5,275.75,281.55,29170063,-0.007228490832158041,102.26293103448248
2024-09-10,BEL,282.5,288.35,282.3,285.75,19982334,0.014917421417155019,105.2801724137928
2024-09-11,BEL,286.45,290.45,284.35,288.05,21650737,0.00804899387576552,106.9324712643675
2024-09-12,BEL,290.9,292.5,289.0,291.7,16102095,0.01267141121333104,109.55459770114912
2024-09-13,BEL,293.0,294.0,289.6,289.95,12330463,-0.005999314364072639,108.29741379310316
2024-09-16,BEL,290.9,292.2,288.4,290.4,9184637,0.0015519917227106994,108.62068965517211
2024-09-17,BEL,290.5,290.85,283.9,284.3,15946216,-0.0210055096418732,104.23850574712614
2024-09-18,BEL,284.9,286.0,280.4,282.85,10450571,-0.005100246218782911,103.19683908045948
2024-09-19,BEL,284.0,284.85,267.1,272.7,44560220,-0.03588474456425683,95.9051724137928
2024-09-20,BEL,274.0,279.4,272.85,277.35,38501362,0.01705170517051724,99.24568965517213
2024-09-23,BEL,280.0,286.7,278.65,286.3,19445968,0.03226969533080948,105.67528735632155
2024-09-24,BEL,286.3,293.4,284.55,291.8,25346532,0.019210618232623045,109.62643678160889
2024-09-25,BEL,294.0,295.0,287.65,289.85,19263084,-0.006682659355723097,108.22557471264335
2024-09-26,BEL,290.6,291.9,289.05,290.5,18343882,0.0022425392444367365,108.69252873563187
2024-09-27,BEL,292.35,294.85,289.2,293.45,208588855,0.01015490533562824,110.8117816091951
2024-09-30,BEL,293.45,294.6,283.6,285.1,32695169,-0.028454591923666617,104.81321839080434
2024-10-01,BEL,285.1,286.6,282.55,283.95,13883476,-0.004033672395650778,103.98706896551695
2024-10-03,BEL,275.05,286.3,275.05,278.7,27321529,-0.018489170628631757,100.21551724137905
2024-10-04,BEL,278.7,281.9,273.55,277.2,17451235,-0.005382131324004336,99.13793103448249
2024-10-07,BEL,277.4,278.9,265.0,267.35,21704629,-0.03553391053391042,92.06178160919518
2024-10-08,BEL,267.0,281.5,265.55,280.25,29190708,0.04825135590050489,101.3290229885055
2024-10-09,BEL,282.0,286.6,278.5,282.4,18984175,0.007671721677073862,102.87356321839054
2024-10-10,BEL,283.95,289.6,283.4,286.9,19155691,0.01593484419263458,106.10632183908018
2024-10-11,BEL,287.2,288.65,284.15,285.9,9677338,-0.003485535029627007,105.38793103448248
2024-10-14,BEL,286.1,289.2,284.65,285.7,11386559,-0.0006995452955578241,105.24425287356296
2024-10-15,BEL,287.15,289.45,285.75,288.85,14701531,0.011025551277564105,107.50718390804575
2024-10-16,BEL,288.15,291.05,284.75,285.7,11835439,-0.010905314176908543,105.24425287356296
2024-10-17,BEL,286.05,287.9,281.7,284.55,11695551,-0.004025201260062894,104.41810344827562
2024-10-18,BEL,282.9,287.8,277.8,287.15,10095514,0.009137234229485092,106.28591954022961
2024-10-21,BEL,286.3,287.45,281.1,282.3,8393942,-0.016890127111265807,102.80172413793079
2024-10-22,BEL,282.0,282.15,270.65,271.65,15240897,-0.03772582359192356,95.15086206896525
2024-10-23,BEL,271.0,274.7,266.3,268.65,13503954,-0.011043622308117063,92.99568965517216
2024-10-24,BEL,269.0,273.15,268.35,271.35,10700271,0.010050251256281673,94.935344827586
2024-10-25,BEL,271.0,276.0,257.45,272.35,40406841,0.0036852773171180964,95.6537356321837
2024-10-28,BEL,276.7,277.95,267.4,270.05,24479817,-0.00844501560492017,94.00143678160897
2024-10-29,BEL,271.2,284.5,270.85,283.65,34271117,0.05036104425106447,103.77155172413768
2024-10-30,BEL,283.45,294.75,282.05,288.55,40787587,0.01727481050590529,107.29166666666643
2024-10-31,BEL,287.95,288.45,283.75,284.9,18720310,-0.01264945416738883,104.66954022988477
2024-11-01,BEL,286.65,290.25,286.0,288.65,5265231,0.013162513162513267,107.36350574712618
2024-11-04,BEL,289.0,289.0,280.3,284.15,15157659,-0.015589814654425771,104.13074712643655
2024-11-05,BEL,282.5,287.2,277.15,286.35,18761867,0.007742389582966913,105.71120689655152
2024-11-06,BEL,287.5,304.3,287.2,301.85,52804364,0.05412956172516159,116.84626436781586
2024-11-07,BEL,301.0,302.0,296.1,300.35,24357430,-0.004969355640218609,115.76867816091934
2024-11-08,BEL,300.35,304.5,295.75,297.75,22935845,-0.008656567338105603,113.9008620689653
2024-11-11,BEL,297.5,303.8,294.4,299.75,20155408,0.0067170445004198776,115.3376436781607
2024-11-12,BEL,300.0,300.85,287.3,290.15,14292965,-0.032026688907422884,108.44109195402277
2024-11-13,BEL,288.0,288.85,279.45,281.55,20001842,-0.029639841461313043,102.26293103448256
2024-11-14,BEL,282.0,284.45,275.5,280.95,20541591,-0.0021310602024507963,101.83189655172393
2024-11-18,BEL,283.0,286.7,277.25,278.05,13000137,-0.010322121373909865,99.74856321839063
2024-11-19,BEL,280.0,285.2,277.0,279.0,13160982,0.0034166516813523007,100.43103448275845
2024-11-21,BEL,278.45,278.45,270.25,275.45,14858108,-0.01272401433691761,97.8807471264366
2024-11-22,BEL,276.0,283.5,275.5,280.85,13268900,0.019604283899074426,101.76005747126422
2023-10-03,BHARTIARTL,918.25,928.25,916.05,925.3,4338272,0.0,0.0
2023-10-04,BHARTIARTL,918.3,925.95,918.3,924.25,5603669,-0.0011347671025613293,-0.11347671025613293
2023-10-05,BHARTIARTL,925.05,929.6,919.4,928.85,7063132,0.004977008385177228,0.3836593537231314
2023-10-06,BHARTIARTL,929.2,929.2,924.3,926.05,2420855,-0.0030144802713032437,0.08105479304010288
2023-10-09,BHARTIARTL,918.0,928.05,916.55,924.55,2248103,-0.0016197829490848248,-0.08105479304009178
2023-10-10,BHARTIARTL,924.55,954.05,921.05,948.35,7897875,0.025742252987940084,2.4910839727655842
2023-10-11,BHARTIARTL,948.5,956.8,948.0,955.6,5645289,0.007644856856645843,3.2746136388198455
2023-10-12,BHARTIARTL,955.6,956.8,947.0,950.35,5544735,-0.005493930514859802,2.7072300875391697
2023-10-13,BHARTIARTL,946.3,955.95,946.3,954.2,4421671,0.00405113905403276,3.12331135847832
2023-10-16,BHARTIARTL,957.95,958.75,943.85,946.55,1881721,-0.008017187172500662,2.2965524694693373
2023-10-17,BHARTIARTL,946.55,960.25,946.0,953.65,3863410,0.007500924409698406,3.063871176915578
2023-10-18,BHARTIARTL,953.0,958.9,950.65,952.85,2334392,-0.0008388821894824705,2.977412731006157
2023-10-19,BHARTIARTL,945.8,951.3,941.35,942.95,4306963,-0.010389882982630994,1.9074894628769101
2023-10-20,BHARTIARTL,937.8,947.5,937.0,945.2,3125104,0.002386128638846241,2.1506538419971966
2023-10-23,BHARTIARTL,941.6,949.1,937.0,939.3,2180066,-0.006242065171392364,1.5130228034150983
2023-10-25,BHARTIARTL,924.6,939.65,919.0,922.6,6365249,-0.017779197274566116,-0.29179725494434816
2023-10-26,BHARTIARTL,921.65,924.6,900.05,905.5,6595332,-0.018534576197702157,-2.139846536258516
2023-10-27,BHARTIARTL,910.75,918.4,906.45,914.6,3508393,0.010049696300386657,-1.156381714038679
2023-10-30,BHARTIARTL,914.8,931.95,910.35,926.25,3686773,0.012737808878198198,0.10266940451746365
2023-10-31,BHARTIARTL,920.3,923.55,912.4,914.4,5697563,-0.012793522267206536,-1.1779963255160397
2023-11-01,BHARTIARTL,903.0,914.55,895.45,913.45,4821458,-0.0010389326334206972,-1.2806657300334812
2023-11-02,BHARTIARTL,920.0,925.95,916.4,923.85,6611573,0.011385406973561718,-0.15670593321083226
2023-11-03,BHARTIARTL,925.0,933.7,922.2,930.75,3895154,0.007468744926124371,0.5889981627580365
2023-11-06,BHARTIARTL,934.2,940.7,930.0,939.2,2760800,0.009078699973140036,1.5022154976764401
2023-11-07,BHARTIARTL,936.05,938.95,932.45,937.15,3616946,-0.0021827086882454383,1.2806657300334923
2023-11-08,BHARTIARTL,941.8,941.8,934.4,936.75,1808553,-0.0004268260150456227,1.2374365070787707
2023-11-09,BHARTIARTL,936.75,937.3,930.55,932.35,3914416,-0.004697091006138243,0.7619150545768782
2023-11-10,BHARTIARTL,929.0,937.0,929.0,935.5,1345614,0.0033785595538156077,1.102345185345266
2023-11-12,BHARTIARTL,940.0,940.0,933.0,938.0,174810,0.0026723677177979965,1.3725278288122533
2023-11-13,BHARTIARTL,938.0,940.3,933.8,935.0,1656368,-0.0031982942430703876,1.048308656651864
2023-11-15,BHARTIARTL,948.0,952.7,936.2,950.0,4816316,0.016042780748663166,2.669404517453766
2023-11-16,BHARTIARTL,949.0,953.9,943.25,949.55,5310736,-0.00047368421052640386,2.6207716416297044
2023-11-17,BHARTIARTL,948.8,954.0,946.0,947.3,3249469,-0.0023695434679584793,2.377607262509418
2023-11-20,BHARTIARTL,949.0,964.3,941.95,961.4,4646962,0.014884408318378561,3.9014373716631967
2023-11-21,BHARTIARTL,967.0,976.35,961.0,970.85,5704644,0.00982941543582272,4.922727763968382
2023-11-22,BHARTIARTL,974.3,976.3,965.95,969.75,3309732,-0.0011330277591801163,4.803847400842898
2023-11-23,BHARTIARTL,970.0,981.0,963.7,976.65,2749555,0.00711523588553753,5.549551496811778
2023-11-24,BHARTIARTL,975.0,977.15,971.0,973.15,2322104,-0.003583678902370324,5.171295795958009
2023-11-28,BHARTIARTL,974.05,988.0,971.2,984.9,5096984,0.01207419205672311,6.441154220252843
2023-11-29,BHARTIARTL,995.9,1007.1,990.95,995.4,5647918,0.010660980810234477,7.575921322814172
2023-11-30,BHARTIARTL,995.0,1018.2,992.7,1014.7,9934052,0.01938919027526631,9.661731330379286
2023-12-01,BHARTIARTL,1015.0,1022.55,1008.2,1014.7,5544950,0.0,9.661731330379286
2023-12-04,BHARTIARTL,1036.0,1044.0,1025.2,1032.9,5164902,0.01793633586281662,11.628660974818938
2023-12-05,BHARTIARTL,1038.8,1045.95,1022.1,1031.1,4266159,-0.0017426662794076675,11.434129471522692
2023-12-06,BHARTIARTL,1029.1,1035.0,1013.45,1024.45,4121251,-0.006449422946367855,10.715443639900535
2023-12-07,BHARTIARTL,1015.0,1019.7,998.0,1000.0,13805235,-0.023866464932402742,8.073057386793447
2023-12-08,BHARTIARTL,998.7,1004.0,991.3,1000.25,6630766,0.0002500000000000835,8.100075651140148
2023-12-11,BHARTIARTL,996.1,1004.6,992.05,1000.85,6195119,0.0005998500374906346,8.16491948557223
2023-12-12,BHARTIARTL,999.25,1000.85,987.0,995.25,7119331,-0.0055952440425638406,7.559710364206196
2023-12-13,BHARTIARTL,993.2,1002.0,991.5,999.9,4153219,0.00467219291635268,8.062250081054788
2023-12-14,BHARTIARTL,1006.0,1011.2,999.15,1005.2,6541673,0.005300530053005348,8.635037285204806
2023-12-15,BHARTIARTL,999.65,1010.85,988.25,992.55,10119597,-0.012584560286510227,7.26791310926187
2023-12-18,BHARTIARTL,995.0,998.8,982.15,990.25,5750263,-0.0023172636139237035,7.019345077272243
2023-12-19,BHARTIARTL,995.45,997.95,985.9,988.45,3912964,-0.0018177227972733245,6.8248135739760185
2023-12-20,BHARTIARTL,992.9,993.65,969.0,971.55,3990591,-0.017097475846021615,4.998378904139211
2023-12-21,BHARTIARTL,968.0,981.55,960.0,977.9,4294277,0.006535947712418277,5.684642818545349
2023-12-22,BHARTIARTL,981.9,998.95,975.55,989.55,4605120,0.011913283566826749,6.9436939371014805
2023-12-26,BHARTIARTL,995.0,1002.5,989.65,999.85,2460643,0.01040877166388765,8.056846428185448
2023-12-27,BHARTIARTL,1000.0,1024.05,998.0,1021.2,4791379,0.021353202980447072,10.36420620339349
2023-12-28,BHARTIARTL,1023.9,1041.95,1022.2,1036.7,5288328,0.015178221699960748,12.039338592888772
2023-12-29,BHARTIARTL,1033.15,1043.25,1024.4,1032.2,4631749,-0.004340696440628955,11.553009834648197
2024-01-01,BHARTIARTL,1031.95,1031.95,1007.0,1013.05,3804406,-0.01855260608409237,9.483410785691081
2024-01-02,BHARTIARTL,1017.4,1025.45,1016.0,1021.7,6865791,0.008538571640096748,10.418242732086846
2024-01-03,BHARTIARTL,1031.95,1037.0,1021.35,1035.2,3604276,0.013213271997650988,11.877229006808566
2024-01-04,BHARTIARTL,1035.25,1058.8,1027.55,1047.9,4664043,0.012268160741885747,13.249756835620863
2024-01-05,BHARTIARTL,1053.8,1063.65,1038.95,1046.6,4008221,-0.0012405763908771572,13.109261861018018
2024-01-08,BHARTIARTL,1050.0,1059.0,1045.25,1049.05,4489695,0.002340913433976688,13.374040851615664
2024-01-09,BHARTIARTL,1057.0,1067.9,1048.05,1064.5,3371125,0.01472761069539108,15.043769588241629
2024-01-10,BHARTIARTL,1066.95,1073.3,1055.3,1062.7,3111573,-0.0016909347111319084,14.849238084945405
2024-01-11,BHARTIARTL,1065.75,1073.9,1057.35,1062.85,2604325,0.00014114990119495907,14.865449043553403
2024-01-12,BHARTIARTL,1058.1,1078.55,1051.6,1076.35,3394013,0.01270169826410128,16.32443531827512
2024-01-15,BHARTIARTL,1078.05,1104.7,1074.55,1102.4,3312897,0.024202164723370778,19.139738463201095
2024-01-16,BHARTIARTL,1107.0,1117.0,1093.0,1095.9,5025540,-0.005896226415094352,18.437263590186937
2024-01-17,BHARTIARTL,1092.0,1108.95,1078.8,1085.25,4568700,-0.009718039967150371,17.286285529017587
2024-01-18,BHARTIARTL,1075.2,1096.0,1075.2,1087.05,4407330,0.0016586040082928744,17.480817032313787
2024-01-19,BHARTIARTL,1091.0,1136.35,1089.8,1125.0,11753391,0.03491099765420169,21.582189560142595
2024-01-20,BHARTIARTL,1128.05,1139.25,1118.75,1123.75,1919442,-0.0011111111111110628,21.44709823840911
2024-01-23,BHARTIARTL,1145.0,1172.55,1135.0,1158.0,18194595,0.030478309232480516,25.148600453906788
2024-01-24,BHARTIARTL,1140.1,1194.0,1140.1,1189.95,9546592,0.027590673575129676,28.60153463741486
2024-01-25,BHARTIARTL,1186.0,1200.65,1157.05,1160.55,11424697,-0.02470692045884293,25.424186750243116
2024-01-29,BHARTIARTL,1158.0,1169.75,1158.0,1162.15,4015858,0.00137865667140602,25.597103642062002
2024-01-30,BHARTIARTL,1162.15,1180.85,1154.55,1158.65,3902023,-0.003011659424342783,25.21884794120823
2024-01-31,BHARTIARTL,1159.0,1175.05,1146.2,1170.7,5981966,0.01040003452293603,26.521128282719086
2024-02-01,BHARTIARTL,1165.05,1170.2,1148.95,1151.2,3606209,-0.016656701118988648,24.41370366367661
2024-02-02,BHARTIARTL,1155.0,1175.2,1145.3,1150.8,4969983,-0.00034746351633085926,24.37047444072189
2024-02-05,BHARTIARTL,1154.35,1159.65,1110.0,1113.55,7809331,-0.03236878693083067,20.344753053063847
2024-02-06,BHARTIARTL,1125.0,1156.1,1123.0,1134.05,9863065,0.018409590947869425,22.560250729493102
2024-02-07,BHARTIARTL,1138.8,1148.25,1131.8,1134.3,2770694,0.0002204488338257704,22.587268993839803
2024-02-08,BHARTIARTL,1144.4,1146.5,1116.2,1142.15,6519392,0.006920567751036,23.435642494326146
2024-02-09,BHARTIARTL,1145.95,1145.95,1116.25,1120.25,4203171,-0.019174364137810374,21.068842537555366
2024-02-12,BHARTIARTL,1122.9,1129.0,1111.3,1118.7,3887976,-0.0013836197277392603,20.90132929860584
2024-02-13,BHARTIARTL,1111.0,1125.0,1103.8,1117.85,3211554,-0.0007598104943239425,20.809467199827036
2024-02-14,BHARTIARTL,1110.0,1121.15,1104.7,1115.85,4653070,-0.0017891488124525123,20.59332108505345
2024-02-15,BHARTIARTL,1122.3,1131.45,1109.4,1120.7,5056712,0.0043464623381279655,21.117475413379406
2024-02-16,BHARTIARTL,1124.0,1127.05,1116.85,1120.0,3091952,-0.0006246096189881367,21.041824273208643
2024-02-19,BHARTIARTL,1121.05,1145.0,1118.35,1142.2,4711035,0.019821428571428656,23.441046147195465
2024-02-20,BHARTIARTL,1145.0,1151.6,1135.0,1143.95,5397418,0.001532130975310908,23.63017399762237
2024-02-21,BHARTIARTL,1155.0,1159.15,1132.6,1139.9,4570259,-0.003540364526421591,23.192478115205862
2024-02-22,BHARTIARTL,1137.6,1138.75,1097.65,1135.55,8642368,-0.0038161242214230784,22.722360315573287
2024-02-23,BHARTIARTL,1127.0,1131.85,1115.3,1125.75,6709844,-0.008630179208313105,21.66324435318272
2024-02-26,BHARTIARTL,1118.1,1125.9,1104.35,1110.05,3186134,-0.013946258050188787,19.966497352210055
2024-02-27,BHARTIARTL,1113.0,1131.0,1101.3,1127.5,7149094,0.015720012612044476,21.852372203609605
2024-02-28,BHARTIARTL,1133.4,1152.65,1123.5,1128.75,5302711,0.0011086474501109667,21.98746352534311
2024-02-29,BHARTIARTL,1118.85,1137.95,1099.0,1123.35,13818650,-0.004784053156146273,21.40386901545441
2024-03-01,BHARTIARTL,1128.0,1140.75,1117.4,1128.7,5927490,0.0047625406151246,21.98205987247379
2024-03-02,BHARTIARTL,1128.7,1135.0,1123.55,1131.1,133654,0.0021263400372109054,22.2414352102021
2024-03-04,BHARTIARTL,1132.0,1149.25,1132.0,1133.5,5855090,0.0021218283087260925,22.500810547930406
2024-03-05,BHARTIARTL,1133.05,1179.75,1133.05,1168.9,5375008,0.03123070136744599,26.326596779422907
2024-03-06,BHARTIARTL,1173.95,1196.6,1157.35,1193.7,5464839,0.021216528359996545,29.006808602615376
2024-03-07,BHARTIARTL,1209.85,1213.6,1189.45,1199.7,8903981,0.005026388539834059,29.65524694693613
2024-03-11,BHARTIARTL,1186.0,1218.3,1186.0,1196.6,6679208,-0.0025839793281654533,29.32022046903706
2024-03-12,BHARTIARTL,1200.0,1208.0,1197.8,1204.25,4249548,0.006393113822497076,30.14697935804602
2024-03-13,BHARTIARTL,1212.0,1212.0,1151.7,1168.75,7528096,-0.029478928793855053,26.310385820814865
2024-03-14,BHARTIARTL,1173.95,1199.7,1163.55,1194.6,8569080,0.022117647058823353,29.104074354263453
2024-03-15,BHARTIARTL,1190.0,1222.8,1187.85,1220.0,10115416,0.021262347229198175,31.84913001188803
2024-03-18,BHARTIARTL,1225.0,1230.55,1215.2,1225.3,4141080,0.004344262295082002,32.42191721603804
2024-03-19,BHARTIARTL,1216.2,1240.4,1214.6,1228.35,7703719,0.0024891863217171295,32.75154004106777
2024-03-20,BHARTIARTL,1228.25,1239.0,1223.65,1231.8,6596032,0.0028086457442910717,33.1243920890522
2024-03-21,BHARTIARTL,1238.0,1242.9,1214.1,1220.8,9952250,-0.008930021107322661,31.935588457797472
2024-03-22,BHARTIARTL,1226.95,1245.0,1222.0,1236.1,7840007,0.0125327653997378,33.58910623581539
2024-03-26,BHARTIARTL,1225.0,1234.0,1210.0,1213.1,10898138,-0.018606908826146795,31.103425915919125
2024-03-27,BHARTIARTL,1210.55,1228.25,1210.55,1224.8,5779169,0.00964471189514482,32.367880687344616
2024-03-28,BHARTIARTL,1226.95,1238.5,1220.3,1228.6,10518377,0.003102547354670193,32.77855830541443
2024-04-01,BHARTIARTL,1228.0,1231.9,1208.0,1217.35,5461473,-0.009156763796190792,31.562736409813
2024-04-02,BHARTIARTL,1225.0,1227.75,1203.2,1208.25,3625577,-0.007475253624676492,30.579271587593194
2024-04-03,BHARTIARTL,1195.0,1240.6,1189.45,1225.7,9532291,0.014442375336230162,32.46514643899274
2024-04-04,BHARTIARTL,1231.95,1233.0,1201.3,1206.85,7327626,-0.015378967120828979,30.42796930725167
2024-04-05,BHARTIARTL,1205.9,1211.35,1188.95,1191.0,4227519,-0.01313336371545748,28.715011347671005
2024-04-08,BHARTIARTL,1188.0,1210.55,1183.1,1204.7,4827733,0.011502938706968946,30.195612233870083
2024-04-09,BHARTIARTL,1214.95,1214.95,1198.3,1204.45,3372798,-0.00020752054453387903,30.168593969523382
2024-04-10,BHARTIARTL,1213.25,1230.7,1208.75,1229.4,6442196,0.020714849101249655,32.86501675132389
2024-04-12,BHARTIARTL,1226.1,1231.85,1219.55,1225.55,7877073,-0.003131608914917927,32.44893548038472
2024-04-15,BHARTIARTL,1210.6,1235.0,1210.35,1224.55,4281602,-0.0008159601811431605,32.340862422997915
2024-04-16,BHARTIARTL,1223.9,1233.95,1212.05,1216.45,5235632,-0.006614674778489982,31.465470658164897
2024-04-18,BHARTIARTL,1220.0,1281.85,1215.8,1265.75,19939924,0.04052776521846346,36.79347238733379
2024-04-19,BHARTIARTL,1280.0,1296.5,1253.35,1289.0,13103862,0.018368556191981078,39.306170971576734
2024-04-22,BHARTIARTL,1304.0,1305.4,1288.25,1297.55,7894656,0.00663304887509697,40.23019561223382
2024-04-23,BHARTIARTL,1310.0,1351.0,1302.1,1342.35,12074766,0.03452660783784811,45.07186858316214
2024-04-24,BHARTIARTL,1352.0,1354.0,1333.55,1336.4,6277492,-0.004432525049353653,44.42883389171073
2024-04-25,BHARTIARTL,1331.0,1343.8,1324.35,1338.7,8512627,0.0017210416043100807,44.67740192370036
2024-04-26,BHARTIARTL,1338.0,1345.7,1322.0,1326.0,5289771,-0.009486815567341433,43.30487409488808
2024-04-29,BHARTIARTL,1324.5,1346.0,1320.0,1332.45,3195888,0.004864253393665141,44.0019453150329
2024-04-30,BHARTIARTL,1323.15,1334.8,1319.95,1322.3,5272565,-0.007617546624638871,42.905003782556925
2024-05-02,BHARTIARTL,1315.25,1319.9,1293.6,1304.05,7995432,-0.013801709143159702,40.93267048524793
2024-05-03,BHARTIARTL,1306.0,1310.5,1258.15,1277.4,11290875,-0.020436332962693093,38.0525235058899
2024-05-06,BHARTIARTL,1275.0,1298.45,1273.2,1283.4,5555467,0.004697040864255486,38.70096185021066
2024-05-07,BHARTIARTL,1286.35,1294.45,1271.0,1286.15,5767030,0.0021427458313854064,38.99816275802435
2024-05-08,BHARTIARTL,1276.15,1299.4,1274.7,1288.6,2682816,0.001904910002721083,39.26294174862195
2024-05-09,BHARTIARTL,1283.0,1295.3,1270.05,1275.45,4809145,-0.01020487350613053,37.841781043985634
2024-05-10,BHARTIARTL,1275.05,1308.5,1271.75,1301.15,5532513,0.020149751068250454,40.61925861882622
2024-05-13,BHARTIARTL,1301.15,1302.9,1281.4,1285.95,3703942,-0.011681973638704268,38.97654814654696
2024-05-14,BHARTIARTL,1290.55,1299.9,1280.7,1284.3,3262908,-0.0012830980986819895,38.798227601858734
2024-05-15,BHARTIARTL,1281.55,1318.25,1280.5,1309.9,6891004,0.01993303745230879,41.56489787096067
2024-05-16,BHARTIARTL,1328.0,1356.85,1321.3,1345.1,11932181,0.02687228032674227,45.36906949097577
2024-05-17,BHARTIARTL,1353.6,1360.0,1339.25,1344.45,6614017,-0.0004832354471785427,45.29882200367437
2024-05-18,BHARTIARTL,1347.95,1351.0,1341.45,1347.75,149406,0.00245453531183748,45.65546309305078
2024-05-21,BHARTIARTL,1356.0,1362.75,1335.75,1344.3,5422220,-0.0025598219254313603,45.282611045066325
2024-05-22,BHARTIARTL,1342.15,1351.0,1329.55,1347.9,3026723,0.0026779736665922815,45.67167405165877
2024-05-23,BHARTIARTL,1350.75,1377.3,1344.3,1374.05,7147341,0.01940054900215138,48.497784502323405
2024-05-24,BHARTIARTL,1375.5,1397.75,1374.05,1388.5,5622368,0.010516356755576606,50.059440181562564
2024-05-27,BHARTIARTL,1396.0,1407.0,1378.0,1384.35,6553974,-0.0029888368743248295,49.61093699340737
2024-05-28,BHARTIARTL,1384.8,1386.95,1366.9,1371.05,2068963,-0.009607396973308702,48.173565330163036
2024-05-29,BHARTIARTL,1355.5,1390.25,1355.5,1377.1,4445083,0.004412676415885608,48.827407327353136
2024-05-30,BHARTIARTL,1378.8,1386.45,1363.5,1377.15,7100303,3.630818386479717e-05,48.8328109802225
2024-05-31,BHARTIARTL,1380.0,1388.0,1338.0,1372.75,24825643,-0.0031950041752896174,48.3572895277206
2024-06-03,BHARTIARTL,1415.3,1420.45,1385.0,1391.1,6017122,0.013367328355490704,50.340430130768254
2024-06-04,BHARTIARTL,1391.1,1397.0,1219.05,1299.7,19924421,-0.06570340018690235,40.462552685615364
2024-06-05,BHARTIARTL,1325.65,1348.75,1279.85,1344.35,12175520,0.03435408171116405,45.28801469793569
2024-06-06,BHARTIARTL,1359.0,1376.25,1329.0,1370.6,10279789,0.019526165061181988,48.12493245433902
2024-06-07,BHARTIARTL,1370.6,1430.65,1363.15,1425.25,12280748,0.0398730483000147,54.03112504052729
2024-06-10,BHARTIARTL,1421.05,1436.65,1421.05,1426.05,5318477,0.0005613050342045955,54.117583486436736
2024-06-11,BHARTIARTL,1426.0,1434.6,1413.0,1427.25,4416792,0.0008414852214158053,54.24727115530088
2024-06-12,BHARTIARTL,1425.0,1447.85,1422.1,1438.4,4876138,0.00781222630933609,55.45228574516361
2024-06-13,BHARTIARTL,1449.0,1455.95,1420.45,1425.75,7990376,-0.008794493882091303,54.08516156922065
2024-06-14,BHARTIARTL,1434.0,1434.0,1420.95,1427.4,3978442,0.0011572856391373065,54.26348211390886
2024-06-18,BHARTIARTL,1444.0,1444.0,1418.0,1428.35,8671131,0.0006655457475128745,54.3661515184263
2024-06-19,BHARTIARTL,1433.95,1434.8,1388.3,1392.35,8640918,-0.02520390660552385,50.47552145250174
2024-06-20,BHARTIARTL,1405.95,1406.95,1376.25,1381.15,8742855,-0.008043954465471903,49.26510320976967
2024-06-21,BHARTIARTL,1384.95,1423.95,1372.85,1416.05,43929578,0.02526879774101287,53.03685291256875
2024-06-24,BHARTIARTL,1402.0,1423.8,1389.35,1419.8,6195831,0.0026482115744501655,53.44212687776923
2024-06-25,BHARTIARTL,1434.0,1434.0,1409.85,1414.95,6353748,-0.0034159740808563654,52.917972549443306
2024-06-26,BHARTIARTL,1414.95,1479.95,1408.95,1459.5,9579826,0.03148521149157202,57.73262725602493
2024-06-27,BHARTIARTL,1464.0,1489.0,1440.05,1475.8,19675528,0.011168208290510462,59.49421809142965
2024-06-28,BHARTIARTL,1536.25,1536.25,1436.65,1444.05,29145832,-0.0215137552513891,56.06289851939896
2024-07-01,BHARTIARTL,1450.0,1466.8,1449.25,1454.0,6011806,0.006890343132162968,57.13822544039755
2024-07-02,BHARTIARTL,1462.0,1473.4,1417.0,1418.95,7792632,-0.02410591471801926,53.35026477899045
2024-07-03,BHARTIARTL,1427.95,1432.4,1408.45,1419.85,8261388,0.0006342718207124065,53.44753053063855
2024-07-04,BHARTIARTL,1418.0,1441.1,1411.5,1423.05,9570938,0.0022537591999154394,53.79336431427628
2024-07-05,BHARTIARTL,1422.5,1433.6,1416.85,1429.7,4881198,0.004673061382242327,54.51205014589846
2024-07-08,BHARTIARTL,1431.0,1438.85,1423.15,1435.15,3261797,0.0038119885290621713,55.101048308656495
2024-07-09,BHARTIARTL,1436.0,1441.65,1428.15,1435.55,2897480,0.0002787165104691791,55.144277531611195
2024-07-10,BHARTIARTL,1441.0,1448.75,1426.15,1445.05,3416762,0.00661767266901192,56.170971576785746
2024-07-11,BHARTIARTL,1450.0,1450.85,1428.0,1437.95,4178558,-0.0049133247984498585,55.403652869339524
2024-07-12,BHARTIARTL,1442.0,1447.6,1421.45,1433.25,6342135,-0.0032685420216280736,54.89570949962159
2024-07-15,BHARTIARTL,1433.25,1440.0,1426.05,1437.6,3324806,0.003035060177917215,55.36582729925412
2024-07-16,BHARTIARTL,1452.0,1473.3,1445.0,1466.5,6967651,0.020102949360044642,58.48913865773247
2024-07-18,BHARTIARTL,1466.0,1485.95,1459.05,1483.65,6470342,0.011694510739856945,60.342591591916
2024-07-19,BHARTIARTL,1480.0,1480.0,1451.95,1461.75,3858596,-0.014760893741785575,57.975791635145214
2024-07-22,BHARTIARTL,1450.0,1472.0,1449.05,1465.4,3560584,0.00249700701214306,58.37025829460703
2024-07-23,BHARTIARTL,1470.0,1470.0,1428.45,1465.7,2936143,0.0002047222601337939,58.40268021182307
2024-07-24,BHARTIARTL,1466.0,1475.6,1436.55,1455.2,4529339,-0.007163812512792522,57.267913109261734
2024-07-25,BHARTIARTL,1445.0,1454.0,1440.1,1449.15,4277756,-0.004157504123144529,56.61407111207164
2024-07-26,BHARTIARTL,1450.25,1520.0,1449.15,1514.4,9564987,0.04502639478314885,63.665838106559924
2024-07-29,BHARTIARTL,1525.0,1525.0,1477.05,1481.35,4589313,-0.021823824617010157,60.09402355992639
2024-07-30,BHARTIARTL,1484.4,1484.9,1464.05,1470.35,4263689,-0.007425659027238685,58.905219928671656
2024-07-31,BHARTIARTL,1477.85,1504.15,1473.15,1491.55,5634305,0.014418335770394863,61.19636874527168
2024-08-01,BHARTIARTL,1485.0,1511.0,1485.0,1505.5,4531379,0.00935268680231971,62.703987895817434
2024-08-02,BHARTIARTL,1494.1,1505.15,1483.6,1493.8,3335905,-0.007771504483560343,61.43953312439194
2024-08-05,BHARTIARTL,1482.0,1488.0,1451.5,1465.7,5111901,-0.018811085821395013,58.40268021182307
2024-08-06,BHARTIARTL,1483.1,1492.9,1431.1,1443.55,8249573,-0.015112233062700486,56.00886199070558
2024-08-07,BHARTIARTL,1452.0,1454.9,1422.6,1441.75,5700734,-0.0012469259810882205,55.81433048740936
2024-08-08,BHARTIARTL,1435.0,1466.5,1430.0,1451.8,5986360,0.006970695335529742,56.90046471414662
2024-08-09,BHARTIARTL,1465.0,1482.0,1457.3,1464.1,3615910,0.008472241355558685,58.2297633200042
2024-08-12,BHARTIARTL,1466.0,1477.5,1445.0,1458.6,4028226,-0.0037565740045079066,57.635361504376824
2024-08-13,BHARTIARTL,1468.0,1478.4,1450.35,1459.7,4495208,0.0007541478129713397,57.75424186750229
2024-08-14,BHARTIARTL,1453.1,1480.1,1453.1,1471.7,5891784,0.00822086730150029,59.0511185561438
2024-08-16,BHARTIARTL,1480.0,1491.0,1468.1,1483.55,7176426,0.008051912753958002,60.331784286177296
2024-08-19,BHARTIARTL,1487.0,1489.1,1464.3,1469.65,4404075,-0.009369417950186976,58.82956878850087
2024-08-20,BHARTIARTL,1480.0,1484.75,1446.5,1449.15,10046892,-0.01394889939781585,56.6140711120716
2024-08-21,BHARTIARTL,1453.0,1466.6,1447.7,1463.45,6175510,0.009867853569333729,58.15951583270274
2024-08-22,BHARTIARTL,1473.7,1499.9,1465.0,1486.35,6781325,0.015647955174416417,60.634388846860276
2024-08-23,BHARTIARTL,1493.0,1510.0,1479.35,1506.75,6238112,0.01372489655868403,62.839079217550854
2024-08-26,BHARTIARTL,1509.0,1520.7,1505.0,1513.55,4307432,0.004513024722083925,63.573976007781056
2024-08-27,BHARTIARTL,1518.0,1526.35,1502.0,1522.75,3965066,0.006078424895114232,64.56824813573957
2024-08-28,BHARTIARTL,1527.95,1564.5,1521.65,1556.35,6225319,0.022065342308323688,68.1995028639358
2024-08-29,BHARTIARTL,1565.0,1571.7,1545.95,1565.9,8036748,0.0061361518938543025,69.2316005619797
2024-08-30,BHARTIARTL,1576.0,1608.4,1561.6,1589.05,37820442,0.01478383038508202,71.73349184048396
2024-09-02,BHARTIARTL,1605.0,1605.0,1565.5,1571.35,4890314,-0.01113873068814708,69.82059872473772
2024-09-03,BHARTIARTL,1579.0,1579.0,1558.6,1560.6,4546295,-0.0068412511534667875,68.65881335782969
2024-09-04,BHARTIARTL,1558.0,1566.0,1542.0,1561.9,5213811,0.0008330129437397193,68.79930833243253
2024-09-05,BHARTIARTL,1559.0,1563.0,1541.5,1547.2,5652812,-0.009411614059798956,67.21063438884667
2024-09-06,BHARTIARTL,1552.8,1555.6,1530.2,1539.25,5497805,-0.005138314374353747,66.35145358262164
2024-09-09,BHARTIARTL,1523.25,1546.75,1523.25,1542.65,3912508,0.002208867955173055,66.71890197773675
2024-09-10,BHARTIARTL,1545.15,1586.0,1545.15,1577.85,6163457,0.022817878326256702,70.52307359775187
2024-09-11,BHARTIARTL,1578.45,1598.9,1574.45,1577.8,5994914,-3.168869030645283e-05,70.51766994488253
2024-09-12,BHARTIARTL,1596.15,1652.8,1590.1,1646.75,12204496,0.043700088731144726,77.96930725170195
2024-09-13,BHARTIARTL,1651.0,1654.9,1631.05,1634.45,5609618,-0.007469257628662462,76.64000864584439
2024-09-16,BHARTIARTL,1634.45,1652.95,1630.1,1635.45,3762063,0.0006118266083392498,76.7480817032312
2024-09-17,BHARTIARTL,1650.0,1666.05,1638.5,1661.75,4223072,0.016081200892720693,79.59040311250388
2024-09-18,BHARTIARTL,1655.2,1670.95,1647.85,1654.9,3171195,-0.004122160373100647,78.85010266940434
2024-09-19,BHARTIARTL,1647.7,1711.7,1647.7,1664.85,8498240,0.006012447882047134,79.9254295904029
2024-09-20,BHARTIARTL,1671.0,1723.4,1666.0,1711.75,21646275,0.028170706069615914,84.9940559818435
2024-09-23,BHARTIARTL,1719.0,1754.25,1719.0,1750.45,5001827,0.0226084416532788,89.17648330271241
2024-09-24,BHARTIARTL,1752.0,1767.55,1746.1,1756.65,7579205,0.003541946356651282,89.84653625851055
2024-09-25,BHARTIARTL,1755.55,1766.9,1745.0,1760.4,4017103,0.0021347451114337446,90.25181022371105
2024-09-26,BHARTIARTL,1770.0,1779.0,1746.15,1771.1,7417423,0.006078164053624047,91.40819193774972
2024-09-27,BHARTIARTL,1755.2,1763.45,1722.5,1734.6,7116861,-0.020608661283947782,87.46352534313178
2024-09-30,BHARTIARTL,1714.0,1733.0,1704.2,1709.55,6907288,-0.014441369768246282,84.7562952555926
2024-10-01,BHARTIARTL,1705.0,1722.85,1696.0,1698.7,3649090,-0.006346699423824931,83.58370258294592
2024-10-03,BHARTIARTL,1665.0,1695.0,1665.0,1673.45,7200276,-0.014864308000235527,80.85485788392937
2024-10-04,BHARTIARTL,1670.05,1686.7,1630.15,1640.9,8576527,-0.01945083510113832,77.33707986598925
2024-10-07,BHARTIARTL,1651.0,1670.0,1642.45,1662.05,5387707,0.012889268084587568,79.6228250297199
2024-10-08,BHARTIARTL,1662.6,1679.5,1652.0,1657.45,5224335,-0.0027676664360277714,79.12568896574066
2024-10-09,BHARTIARTL,1666.75,1704.6,1661.05,1678.1,3414614,0.01245889770430475,81.35739760077794
2024-10-10,BHARTIARTL,1686.6,1698.95,1665.0,1678.1,5047657,0.0,81.35739760077794
2024-10-11,BHARTIARTL,1678.1,1690.25,1658.65,1687.4,2367678,0.005541982003456347,82.36247703447512
2024-10-14,BHARTIARTL,1686.0,1710.05,1679.35,1695.6,2069815,0.0048595472324284295,83.2486761050468
2024-10-15,BHARTIARTL,1708.0,1732.75,1699.95,1717.25,5891334,0.012768341589997734,85.58845779747091
2024-10-16,BHARTIARTL,1720.0,1742.25,1717.1,1733.95,3299887,0.009724850778861649,87.39327785583038
2024-10-17,BHARTIARTL,1736.75,1737.95,1694.4,1701.15,4373392,-0.018916347068831274,83.84848157354357
2024-10-18,BHARTIARTL,1710.0,1716.1,1685.2,1707.85,4154915,0.00393851218293495,84.57257105803507
2024-10-21,BHARTIARTL,1705.55,1708.95,1662.0,1692.55,3836168,-0.008958632198378003,82.91905328001714
2024-10-22,BHARTIARTL,1692.0,1712.9,1687.35,1692.25,3070057,-0.0001772473486750803,82.8866313628011
2024-10-23,BHARTIARTL,1690.0,1701.35,1680.1,1685.8,2764757,-0.003811493573644631,82.18956014265626
2024-10-24,BHARTIARTL,1687.0,1693.0,1657.4,1678.45,3669575,-0.0043599477992644076,81.39522317086335
2024-10-25,BHARTIARTL,1681.1,1684.75,1655.85,1666.0,3434386,-0.007417557865888158,80.04971360639776
2024-10-28,BHARTIARTL,1658.15,1677.85,1645.65,1663.35,2811651,-0.0015906362545018427,79.76332000432276
2024-10-29,BHARTIARTL,1650.5,1667.95,1610.0,1637.1,6990747,-0.01578140499594194,76.92640224791943
2024-10-30,BHARTIARTL,1627.8,1651.0,1617.8,1633.35,4622628,-0.002290635880520475,76.52112828271893
2024-10-31,BHARTIARTL,1634.0,1638.8,1602.15,1612.6,4921681,-0.012703952000489793,74.27861234194297
2024-11-01,BHARTIARTL,1620.0,1626.35,1605.35,1616.45,279441,0.0023874488403821115,74.69469361288215
2024-11-04,BHARTIARTL,1619.15,1623.85,1573.05,1591.25,6094029,-0.015589718209657044,71.97125256673493
2024-11-05,BHARTIARTL,1583.25,1593.9,1566.0,1578.4,6473278,-0.008075412411626015,70.58251377931467
2024-11-06,BHARTIARTL,1583.0,1610.75,1566.5,1598.8,6631728,0.01292448048656869,72.78720415000524
2024-11-07,BHARTIARTL,1595.95,1608.55,1569.65,1575.8,5160994,-0.014385789342006516,70.30152383010899
2024-11-08,BHARTIARTL,1571.0,1579.5,1558.85,1569.9,3096384,-0.0037441299657315907,69.66389279152693
2024-11-11,BHARTIARTL,1561.0,1581.6,1551.8,1560.55,3664301,-0.0059557933626346315,68.65340970496041
2024-11-12,BHARTIARTL,1568.8,1595.0,1550.1,1555.65,4479934,-0.0031399186184357664,68.12385172376514
2024-11-13,BHARTIARTL,1559.9,1572.5,1546.35,1550.45,5816699,-0.0033426541959952205,67.56187182535382
2024-11-14,BHARTIARTL,1550.0,1568.0,1536.55,1550.5,5139154,3.224870198970109e-05,67.56727547822317
2024-11-18,BHARTIARTL,1568.95,1568.95,1529.45,1537.0,4816078,-0.008706868752015429,66.10828920350147
2024-11-19,BHARTIARTL,1537.0,1558.0,1519.3,1525.5,6238241,-0.007482108002602517,64.86544904355334
2024-11-21,BHARTIARTL,1538.0,1542.05,1511.0,1525.15,7356679,-0.00022943297279576225,64.82762347346795
2024-11-22,BHARTIARTL,1533.0,1575.0,1520.2,1569.3,7640321,0.02894797233059032,69.59904895709485
2023-10-03,M&M,1597.2,1598.0,1533.05,1537.4,3436776,0.0,0.0
2023-10-04,M&M,1531.8,1537.9,1501.75,1522.1,2580901,-0.009951866788083907,-0.9951866788083907
2023-10-05,M&M,1533.0,1550.8,1513.05,1537.95,1991367,0.010413244859076354,0.03577468453233035
2023-10-06,M&M,1545.0,1554.0,1540.35,1548.85,1743027,0.007087356546051415,0.7447638870820672
2023-10-09,M&M,1540.0,1541.25,1514.0,1515.2,2123175,-0.021725796558737076,-1.4439963574866765
2023-10-10,M&M,1521.45,1543.85,1519.2,1537.85,1956653,0.01494852164730709,0.02927019643550466
2023-10-11,M&M,1540.0,1559.15,1540.0,1556.3,1536986,0.011997268914393455,1.2293482502926611
2023-10-12,M&M,1559.0,1570.05,1555.6,1566.65,1731806,0.006650388742530433,1.9025627683100899
2023-10-13,M&M,1560.5,1574.4,1550.3,1562.45,1465554,-0.0026808795838253463,1.629374268245054
2023-10-16,M&M,1562.85,1577.25,1558.5,1574.55,1089610,0.007744247815929972,2.416417327956233
2023-10-17,M&M,1575.0,1583.9,1568.6,1576.6,997962,0.0013019592899559118,2.5497593339403712
2023-10-18,M&M,1576.6,1579.45,1561.75,1574.85,1212994,-0.0011099835088164145,2.435930792246599
2023-10-19,M&M,1553.35,1578.9,1553.35,1569.55,1239578,-0.003365399879353581,2.0911929231169024
2023-10-20,M&M,1566.0,1575.0,1545.1,1558.25,1435102,-0.007199515784779065,1.356185768179996
2023-10-23,M&M,1548.25,1574.9,1546.5,1565.15,4069167,0.0044280442804429665,1.804995446858304
2023-10-25,M&M,1574.0,1576.6,1547.0,1569.1,2510769,0.0025237197712677517,2.0619227266813533
2023-10-26,M&M,1554.0,1558.2,1500.0,1506.1,3343802,-0.04015040469058695,-2.035904774294317
2023-10-27,M&M,1508.35,1533.95,1507.3,1510.8,3341111,0.003120642719606881,-1.7301938337453415
2023-10-30,M&M,1502.1,1515.45,1463.2,1497.8,2637486,-0.008604712734974873,-2.5757772863276296
2023-10-31,M&M,1494.2,1497.3,1455.55,1458.6,2555737,-0.026171718520496712,-5.125536620268045
2023-11-01,M&M,1464.9,1485.0,1450.0,1454.6,2627536,-0.002742355683532205,-5.3857161441395185
2023-11-02,M&M,1465.0,1477.5,1452.5,1469.7,2091122,0.01038086071772315,-4.403538441524713
2023-11-03,M&M,1480.0,1488.1,1460.45,1469.0,2456723,-0.0004762876777574254,-4.4490698582022254
2023-11-06,M&M,1481.8,1492.2,1473.55,1488.3,1271868,0.013138189244383813,-3.193703655522384
2023-11-07,M&M,1488.25,1497.0,1475.0,1479.75,1940908,-0.005744809514210858,-3.74983738779765
2023-11-08,M&M,1485.05,1489.4,1474.0,1487.4,1342202,0.005169792194627432,-3.25224404839346
2023-11-09,M&M,1487.4,1558.7,1487.4,1552.05,4831782,0.043465106897942585,0.9529075061791792
2023-11-10,M&M,1550.0,1551.0,1515.3,1524.1,4872228,-0.018008440449727825,-0.8650969168727318
2023-11-12,M&M,1540.0,1540.0,1523.35,1526.25,340544,0.0014106685912997907,-0.7252504227918122
2023-11-13,M&M,1526.25,1543.3,1513.05,1540.25,1968032,0.00917280917280916,0.1853779107583442
2023-11-15,M&M,1549.0,1550.8,1533.55,1544.15,2782942,0.002532056484336964,0.43905294653303617
2023-11-16,M&M,1544.2,1583.95,1538.5,1569.5,3224223,0.016416798886118578,2.0879406790684785
2023-11-17,M&M,1575.0,1596.0,1572.65,1584.55,2035309,0.009589041095890316,3.0668661376348716
2023-11-20,M&M,1589.8,1589.8,1540.6,1552.2,2918577,-0.020415890946956505,0.9626642383243622
2023-11-21,M&M,1553.0,1571.4,1549.15,1559.75,2213144,0.004864063909290062,1.4537530896317596
2023-11-22,M&M,1560.0,1564.65,1535.0,1543.45,1269475,-0.010450392691136345,0.3935215298555228
2023-11-23,M&M,1556.6,1560.95,1535.1,1545.85,1552635,0.001554958048527455,0.5496292441783845
2023-11-24,M&M,1549.0,1559.5,1547.5,1553.2,1239270,0.00475466571788985,1.0277091192922194
2023-11-28,M&M,1553.2,1572.0,1542.15,1566.05,2596766,0.00827324233839799,1.8635358397293134
2023-11-29,M&M,1576.0,1623.4,1567.25,1619.1,3581220,0.03387503591839347,5.314166775074702
2023-11-30,M&M,1615.05,1660.0,1613.7,1647.75,5214960,0.017695015749490617,7.177702614804127
2023-12-01,M&M,1656.0,1666.0,1621.2,1625.5,2489755,-0.013503262023972118,5.73045401326906
2023-12-04,M&M,1662.85,1675.0,1639.45,1656.85,3001010,0.019286373423561987,7.769611031611712
2023-12-05,M&M,1660.9,1708.0,1640.6,1686.05,3423953,0.017623804206778004,9.668921555873467
2023-12-06,M&M,1688.1,1710.45,1684.15,1702.4,2279220,0.009697221316093962,10.732405359698127
2023-12-07,M&M,1703.0,1706.0,1681.65,1692.65,2461051,-0.005727208646616577,10.098217770261408
2023-12-08,M&M,1699.0,1708.15,1662.55,1668.55,1942667,-0.014238029125926865,8.530636138935787
2023-12-11,M&M,1674.0,1674.45,1647.1,1652.2,2037178,-0.009798927212250064,7.467152335111149
2023-12-12,M&M,1663.0,1670.0,1626.5,1635.4,2051527,-0.01016826050114994,6.374398334850984
2023-12-13,M&M,1639.0,1670.5,1629.55,1666.15,2247441,0.018802739390974654,8.374528424612926
2023-12-14,M&M,1676.0,1709.85,1671.05,1703.55,3326228,0.02244695855715273,10.80720697281119
2023-12-15,M&M,1727.9,1739.6,1698.0,1724.95,3858594,0.012562002876346456,12.19916742552356
2023-12-18,M&M,1720.0,1731.85,1698.75,1710.8,1739425,-0.008203136322792015,11.27878235982822
2023-12-19,M&M,1720.0,1723.85,1691.3,1699.35,1660221,-0.006692775309796617,10.534018472746132
2023-12-20,M&M,1710.0,1711.95,1640.6,1646.95,3047660,-0.030835319386824267,7.1256667100298765
2023-12-21,M&M,1635.0,1653.15,1620.4,1633.85,3211338,-0.007954096967121127,6.273578769350796
2023-12-22,M&M,1630.0,1652.0,1622.75,1634.25,2751274,0.00024482051595930976,6.299596721737943
2023-12-26,M&M,1640.9,1669.0,1634.5,1662.25,1203594,0.01713324154811069,8.120853388838235
2023-12-27,M&M,1670.0,1691.8,1660.25,1687.95,1793638,0.015460971574672966,9.792506829712444
2023-12-28,M&M,1688.95,1739.95,1688.4,1734.45,2963938,0.02754820936639124,12.817093794718293
2023-12-29,M&M,1730.0,1758.0,1715.0,1729.4,2273255,-0.002911585805298489,12.48861714583056
2024-01-01,M&M,1729.4,1730.0,1699.0,1703.3,1307485,-0.015091939400948329,10.790945752569204
2024-01-02,M&M,1703.6,1705.0,1649.45,1656.2,2857334,-0.027652204544120207,7.7273318589826445
2024-01-03,M&M,1672.0,1678.2,1648.05,1655.25,1927812,-0.0005736022219539061,7.665539222063167
2024-01-04,M&M,1666.9,1674.45,1638.2,1641.7,2835768,-0.008186074611085892,6.7841810849485595
2024-01-05,M&M,1647.95,1661.5,1636.5,1642.0,1709313,0.00018273740634699998,6.803694549238903
2024-01-08,M&M,1648.15,1653.4,1606.1,1616.15,1492195,-0.01574299634591958,5.1222843762195325
2024-01-09,M&M,1625.0,1636.8,1615.0,1629.9,2542484,0.00850787365034189,6.0166514895277246
2024-01-10,M&M,1645.0,1647.45,1621.35,1632.8,1954233,0.0017792502607520966,6.205281644334537
2024-01-11,M&M,1643.9,1651.25,1625.85,1628.65,2228002,-0.0025416462518372818,5.935345388317881
2024-01-12,M&M,1630.0,1633.85,1601.5,1624.45,3061539,-0.00257882295152434,5.662156888252823
2024-01-15,M&M,1635.0,1640.9,1616.1,1635.55,1405514,0.006833081966203913,6.384155066996144
2024-01-16,M&M,1638.0,1640.0,1617.55,1620.35,2236688,-0.009293509828498081,5.395472876284546
2024-01-17,M&M,1612.0,1615.0,1591.0,1597.7,2548169,-0.013978461443515222,3.922206322362354
2024-01-18,M&M,1600.0,1623.3,1580.65,1617.25,2328588,0.012236339738373792,5.193833745284149
2024-01-19,M&M,1624.95,1659.0,1622.25,1655.55,2836976,0.023682176534240096,7.685052686353466
2024-01-20,M&M,1660.5,1673.95,1616.0,1622.3,711300,-0.020083960013288604,5.522310394171859
2024-01-23,M&M,1619.0,1647.6,1588.25,1595.2,2772880,-0.016704678542809548,3.759594119942644
2024-01-24,M&M,1595.0,1632.3,1575.0,1628.1,2543323,0.020624373119358053,5.899570703785484
2024-01-25,M&M,1631.6,1642.75,1603.9,1635.5,2038472,0.0045451753577789855,6.380902822947698
2024-01-29,M&M,1635.5,1645.0,1625.0,1640.0,3075670,0.002751452155304257,6.6736047873031
2024-01-30,M&M,1649.95,1659.5,1614.45,1620.35,2569098,-0.011981707317073265,5.3954728762844795
2024-01-31,M&M,1615.05,1658.3,1609.05,1651.55,3154787,0.019255099206961557,7.424873162481971
2024-02-01,M&M,1659.25,1702.6,1645.55,1651.15,4065784,-0.00024219672428926753,7.3988552100948235
2024-02-02,M&M,1655.0,1687.05,1650.0,1660.75,3304158,0.005814129546073854,8.023286067386337
2024-02-05,M&M,1676.7,1712.85,1665.1,1703.55,3525423,0.025771488785187424,10.807206972811079
2024-02-06,M&M,1710.95,1730.0,1706.0,1727.65,2219874,0.014146928472895004,12.3747886041367
2024-02-07,M&M,1731.45,1752.0,1715.7,1721.0,1213661,-0.0038491592625822246,11.942240145700378
2024-02-08,M&M,1729.0,1743.9,1675.55,1685.9,2550690,-0.02039511911679248,9.65916482372824
2024-02-09,M&M,1686.0,1689.75,1628.0,1646.4,2033950,-0.023429622160270447,7.089892025497457
2024-02-12,M&M,1654.0,1675.05,1640.55,1660.45,1197925,0.00853377065111749,8.003772603095992
2024-02-13,M&M,1670.0,1679.4,1623.45,1646.75,2075130,-0.008250775392212972,7.112657733836203
2024-02-14,M&M,1631.0,1679.65,1623.9,1657.05,4368695,0.006254744193107564,7.78262000780523
2024-02-15,M&M,1681.05,1784.9,1668.1,1765.05,9887134,0.0651760659002445,14.807467152334963
2024-02-16,M&M,1788.0,1864.65,1776.85,1835.55,7188957,0.0399422112688026,19.393131260569653
2024-02-19,M&M,1836.05,1856.45,1820.0,1848.55,2682236,0.007082345890877306,20.23871471315193
2024-02-20,M&M,1837.4,1860.0,1820.5,1853.65,1830562,0.002758919152849648,20.570443606088062
2024-02-21,M&M,1849.9,1889.7,1846.7,1859.65,4466234,0.0032368570118415096,20.960712891895273
2024-02-22,M&M,1870.95,1917.0,1853.0,1910.35,3360123,0.0272631946871722,24.258488356966158
2024-02-23,M&M,1926.35,1947.85,1901.1,1929.95,3323441,0.010259900018321222,25.533368023936355
2024-02-26,M&M,1935.0,1951.0,1925.2,1929.8,2436063,-7.772222078294977e-05,25.52361129179117
2024-02-27,M&M,1926.0,1956.95,1915.05,1950.6,2821465,0.010778318996787162,26.87654481592281
2024-02-28,M&M,1951.95,1953.15,1897.05,1901.65,2010429,-0.025094842612529367,23.6925978925457
2024-02-29,M&M,1902.85,1950.9,1892.55,1932.4,5539065,0.016170168011989672,25.692727982307638
2024-03-01,M&M,1933.6,1982.3,1930.5,1972.95,3384932,0.020984268267439488,28.33029790555468
2024-03-02,M&M,1978.0,1978.0,1957.0,1960.1,110564,-0.00651308953597407,27.494471185117586
2024-03-04,M&M,1967.0,1974.95,1919.05,1921.05,1645331,-0.01992245293607464,24.954468583322353
2024-03-05,M&M,1925.0,1968.0,1923.05,1939.25,2208384,0.009473985580802147,26.138285416937546
2024-03-06,M&M,1945.0,1979.9,1922.0,1970.65,1673183,0.01619182673714059,28.180694679328578
2024-03-07,M&M,1930.15,1932.15,1884.3,1897.55,18323831,-0.03709435972902353,23.42591388057742
2024-03-11,M&M,1913.0,1913.7,1873.3,1894.35,3250782,-0.001686385075492125,23.21777026148024
2024-03-12,M&M,1892.0,1898.35,1876.65,1895.15,3186510,0.0004223084435295288,23.269806166254536
2024-03-13,M&M,1896.0,1901.4,1844.25,1853.7,4270994,-0.021871619660712938,20.57369585013642
2024-03-14,M&M,1853.7,1895.6,1844.6,1890.55,2388133,0.019879160597723322,22.97059971380233
2024-03-15,M&M,1875.0,1882.1,1788.8,1799.5,5504948,-0.048160588188622344,17.04826330167797
2024-03-18,M&M,1807.95,1867.4,1801.05,1856.05,3404076,0.0314253959433175,20.72655132041088
2024-03-19,M&M,1856.05,1865.0,1826.8,1843.9,2189225,-0.0065461598556072476,19.9362560166513
2024-03-20,M&M,1851.95,1859.05,1820.55,1844.4,1550415,0.0002711643798469776,19.96877845713523
2024-03-21,M&M,1859.95,1875.0,1845.0,1865.85,2072960,0.011629798308392836,21.363991153895977
2024-03-22,M&M,1865.85,1905.45,1847.25,1878.8,3786990,0.0069405364847121565,22.206322362429876
2024-03-26,M&M,1878.2,1917.5,1861.1,1863.95,4092744,-0.007903981264636983,21.240405880057047
2024-03-27,M&M,1869.9,1899.9,1855.3,1881.15,4196597,0.009227715335711872,22.35917783270438
2024-03-28,M&M,1881.15,1962.95,1870.35,1921.35,3790854,0.02136990670600425,24.97398204761265
2024-04-01,M&M,1938.0,1963.85,1891.8,1915.95,2765845,-0.002810523850417579,24.622739690386176
2024-04-02,M&M,1915.95,1977.5,1901.45,1971.95,3431715,0.029228320154492504,28.265253024586755
2024-04-03,M&M,1967.0,2003.3,1956.2,1989.3,3615370,0.008798397525292101,29.39378170937925
2024-04-04,M&M,1999.0,2015.0,1963.2,2002.7,3007920,0.006736037802242079,30.265383114348698
2024-04-05,M&M,1995.35,2027.45,1992.25,2013.3,2767027,0.0052928546462276405,30.954858852608112
2024-04-08,M&M,2018.0,2087.0,2016.9,2078.1,2781568,0.032185963343764,35.169767139325955
2024-04-09,M&M,2095.0,2098.65,2070.1,2090.9,2853137,0.006159472595159032,36.00234161571467
2024-04-10,M&M,2098.45,2108.6,2070.0,2076.2,2280814,-0.007030465349849524,35.046181865487
2024-04-12,M&M,2084.0,2087.5,2051.65,2070.95,4008660,-0.002528658125421468,34.70469624040569
2024-04-15,M&M,2055.25,2083.9,2035.0,2053.45,2024919,-0.008450228156160255,33.56641082346798
2024-04-16,M&M,2047.05,2073.75,2027.75,2031.3,1981730,-0.01078672478024778,32.12566671002972
2024-04-18,M&M,2031.3,2087.0,2016.5,2024.95,3539862,-0.0031260768965686303,31.712631715883767
2024-04-19,M&M,2034.0,2087.0,1998.2,2082.9,3253248,0.02861799056766845,35.48198256797173
2024-04-22,M&M,2124.55,2133.0,2065.0,2090.65,2449171,0.003720773920975473,35.98608039547268
2024-04-23,M&M,2096.0,2114.0,2056.85,2062.6,2886136,-0.013416879917728997,34.16157148432399
2024-04-24,M&M,2055.0,2090.85,2052.95,2058.45,1929834,-0.0020120236594589613,33.89163522830734
2024-04-25,M&M,2060.0,2113.95,2041.9,2096.85,3084498,0.018654813087517264,36.38935865747346
2024-04-26,M&M,2099.55,2103.0,2038.8,2044.9,2952484,-0.02477525812528303,33.010277091192755
2024-04-29,M&M,2045.5,2068.35,2001.0,2062.05,2724604,0.008386718176927932,34.12579679979169
2024-04-30,M&M,2073.05,2169.0,2073.05,2156.35,5745143,0.045731189835357844,40.259529075061586
2024-05-02,M&M,2165.1,2204.0,2165.1,2185.15,3347541,0.013355902334964309,42.13282164693619
2024-05-03,M&M,2210.0,2210.0,2172.35,2193.0,3859227,0.003592430725579465,42.64342396253396
2024-05-06,M&M,2200.45,2240.0,2190.0,2224.95,2111447,0.014569083447332432,44.72160790945734
2024-05-07,M&M,2236.0,2236.9,2164.85,2191.5,1727823,-0.015034045708892219,42.54585664108217
2024-05-08,M&M,2191.7,2195.0,2160.0,2182.4,1993202,-0.004152407027150362,41.95394822427456
2024-05-09,M&M,2185.55,2256.75,2185.0,2212.55,3998822,0.013815065982404784,43.9150513854558
2024-05-10,M&M,2211.85,2231.65,2183.0,2193.05,3045912,-0.008813360150053073,42.64667620658238
2024-05-13,M&M,2208.0,2208.05,2160.0,2184.25,2575573,-0.004012676409566707,42.07428125406511
2024-05-14,M&M,2175.0,2280.35,2175.0,2269.9,3830189,0.039212544351608036,47.645375308962976
2024-05-15,M&M,2281.3,2317.15,2256.0,2302.3,2569084,0.014273756553152106,49.75282945232189
2024-05-16,M&M,2319.45,2393.9,2286.2,2371.75,7444517,0.03016548668722563,54.27019643554027
2024-05-17,M&M,2425.35,2557.95,2425.35,2514.6,9796445,0.06022978813112667,63.56185768180016
2024-05-18,M&M,2527.95,2527.95,2500.05,2503.7,257091,-0.004334685437047625,62.852868479250404
2024-05-21,M&M,2503.0,2536.95,2467.0,2522.65,3747292,0.0075687981786956016,64.0854689735915
2024-05-22,M&M,2521.7,2535.0,2490.0,2521.05,2974921,-0.0006342536618237915,63.98139716404294
2024-05-23,M&M,2520.0,2617.4,2500.25,2609.2,4715263,0.034965589734435865,69.71510342136045
2024-05-24,M&M,2589.8,2605.0,2572.4,2579.75,2919241,-0.011286984516326815,67.79953167685674
2024-05-27,M&M,2581.15,2589.75,2541.0,2549.1,3328559,-0.011880996220564044,65.80590607519159
2024-05-28,M&M,2550.0,2581.95,2548.0,2552.8,1549203,0.0014514926836923792,66.04657213477272
2024-05-29,M&M,2510.25,2547.0,2500.6,2533.65,2720451,-0.007501566906925716,64.80096266423804
2024-05-30,M&M,2518.0,2531.45,2478.0,2493.5,3367101,-0.015846703372604742,62.18941069337816
2024-05-31,M&M,2517.75,2569.2,2495.15,2506.25,8769724,0.005113294565871174,63.018732925718446
2024-06-03,M&M,2575.05,2654.35,2570.4,2634.0,2701157,0.05097256857855359,71.32821646936354
2024-06-04,M&M,2634.25,2639.0,2448.2,2572.9,6372249,-0.023196659073652204,67.35397424222683
2024-06-05,M&M,2572.9,2753.7,2571.8,2740.95,4242881,0.06531540285281179,78.28476648887694
2024-06-06,M&M,2745.0,2761.9,2670.9,2699.85,4992660,-0.014994801072620745,75.6114218810976
2024-06-07,M&M,2668.35,2867.6,2668.35,2857.45,6447821,0.058373613348889686,85.86249512163353
2024-06-10,M&M,2861.0,2886.0,2800.0,2807.55,2021106,-0.017463122714308055,82.61675556133696
2024-06-11,M&M,2821.0,2855.0,2813.4,2835.55,2298974,0.009973108226033478,84.43801222843727
2024-06-12,M&M,2835.55,2848.6,2782.05,2787.55,2580846,-0.016927932852533023,81.31585794197962
2024-06-13,M&M,2850.0,2879.1,2788.65,2861.7,2492637,0.02660041972341287,86.13893586574699
2024-06-14,M&M,2875.0,2946.0,2865.0,2928.6,3515019,0.023377712548485308,90.49043840249738
2024-06-18,M&M,2965.0,3013.5,2956.65,2961.9,4887512,0.011370620774431517,92.65643293872739
2024-06-19,M&M,2975.0,2977.0,2926.45,2933.85,3512298,-0.009470272460245122,90.8319240275787
2024-06-20,M&M,2945.05,2954.75,2857.3,2871.2,4024418,-0.021354193295499146,86.75686223494176
2024-06-21,M&M,2884.75,2920.9,2825.05,2839.95,8400461,-0.010883950961270594,84.7242097046959
2024-06-24,M&M,2836.5,2923.95,2813.05,2915.8,2699784,0.026708216693956066,89.6578639261087
2024-06-25,M&M,2921.2,2947.0,2891.05,2909.4,1910886,-0.0021949379244118328,89.24157668791435
2024-06-26,M&M,2907.05,2912.95,2844.6,2851.5,3282318,-0.01990101051763249,85.47547807987482
2024-06-27,M&M,2842.0,2905.0,2793.05,2888.95,6900180,0.013133438541118592,87.91140887212143
2024-06-28,M&M,2855.0,2896.0,2855.0,2866.65,2548169,-0.007719067481264719,86.46090802653801
2024-07-01,M&M,2841.0,2894.05,2838.25,2875.85,1718501,0.003209320984424169,87.05932093144236
2024-07-02,M&M,2890.2,2891.0,2850.0,2865.15,1507890,-0.0037206391153918883,86.36334070508617
2024-07-03,M&M,2871.0,2895.0,2865.1,2877.95,1019710,0.004467479887614756,87.19591518147485
2024-07-04,M&M,2890.0,2922.0,2885.05,2902.8,1502213,0.008634618391563542,88.81228047352639
2024-07-05,M&M,2886.0,2886.0,2840.0,2880.6,1966103,-0.007647788342290296,87.36828411603969
2024-07-08,M&M,2880.6,2918.6,2847.5,2851.35,1631998,-0.010154134555301009,85.46572134772956
2024-07-09,M&M,2855.35,2940.0,2837.25,2925.5,2902129,0.02600522559489371,90.28879927149696
2024-07-10,M&M,2930.0,2930.0,2697.9,2732.0,14481615,-0.06614253973679718,77.70261480421455
2024-07-11,M&M,2757.95,2757.95,2691.0,2698.05,4314565,-0.012426793557833049,75.49434109535544
2024-07-12,M&M,2689.65,2722.3,2687.15,2703.95,3398732,0.0021867645151125714,75.87810589306582
2024-07-15,M&M,2722.85,2739.0,2708.1,2731.05,2017720,0.010022374674087953,77.64082216729504
2024-07-16,M&M,2754.95,2766.85,2740.0,2756.75,1925983,0.009410300067739463,79.31247560816924
2024-07-18,M&M,2756.0,2825.95,2736.5,2819.45,4122844,0.022744173392581724,83.39078964485451
2024-07-19,M&M,2819.95,2819.95,2743.0,2749.3,2042568,-0.024880739151252773,78.82789124495861
2024-07-22,M&M,2751.05,2819.0,2725.0,2804.75,2208103,0.020168770232422695,82.43462989462687
2024-07-23,M&M,2824.0,2854.5,2743.4,2821.35,2572524,0.005918531063374699,83.51437491869349
2024-07-24,M&M,2823.0,2830.4,2763.65,2805.5,2276082,-0.005617877966221818,82.4834135553528
2024-07-25,M&M,2799.8,2827.0,2781.8,2811.4,1857122,0.0021030119408305126,82.86717835306322
2024-07-26,M&M,2821.6,2897.4,2790.0,2887.8,2352661,0.02717507291740784,87.83660725900835
2024-07-29,M&M,2900.0,2945.0,2875.5,2933.0,2388937,0.015652053466306493,90.77663587875595
2024-07-30,M&M,2945.0,2950.0,2904.6,2922.1,2290006,-0.0037163314012956805,90.06764667620617
2024-07-31,M&M,2937.0,2979.6,2872.95,2907.8,4238740,-0.004893740802847213,89.13750487836568
2024-08-01,M&M,2926.5,2926.5,2820.1,2828.4,4971708,-0.027305866978471705,83.97294132951698
2024-08-02,M&M,2810.3,2810.3,2733.85,2749.65,3041513,-0.027842596521001295,78.8506569532974
2024-08-05,M&M,2679.65,2729.2,2635.8,2678.95,3731770,-0.025712363391704463,74.25198386886916
2024-08-06,M&M,2688.3,2748.75,2625.7,2632.95,3069277,-0.01717090651187969,71.25991934434724
2024-08-07,M&M,2697.5,2704.75,2661.0,2680.85,2479171,0.01819252169619623,74.37556914270809
2024-08-08,M&M,2660.5,2716.5,2656.5,2682.95,2673182,0.0007833336441800398,74.5121633927406
2024-08-09,M&M,2734.0,2765.0,2705.0,2749.15,2279076,0.02467433235803873,78.81813451281346
2024-08-12,M&M,2749.15,2757.0,2708.7,2717.65,2321474,-0.011458087045086662,76.76922076232562
2024-08-13,M&M,2718.1,2738.65,2704.1,2718.05,1292521,0.00014718598789409398,76.79523871471278
2024-08-14,M&M,2728.8,2771.95,2715.3,2745.25,2609359,0.010007174260959095,78.56445947703878
2024-08-16,M&M,2789.0,2845.05,2776.15,2840.45,4376092,0.03467808032055353,84.75673214517975
2024-08-19,M&M,2859.9,2859.9,2760.0,2765.15,2500718,-0.026509883997253847,79.85885260829934
2024-08-20,M&M,2779.75,2783.2,2748.5,2771.3,1762399,0.0022241108077318827,80.25887862625171
2024-08-21,M&M,2774.0,2780.95,2755.0,2769.4,1497501,-0.0006855988164399252,80.13529335241276
2024-08-22,M&M,2771.1,2775.75,2724.05,2732.95,2346622,-0.013161695674153373,77.76440744113395
2024-08-23,M&M,2732.95,2769.0,2725.3,2759.0,1943539,0.009531824585155224,79.45882659034692
2024-08-26,M&M,2764.95,2799.0,2753.1,2793.1,2765969,0.012359550561797716,81.67685703135119
2024-08-27,M&M,2797.95,2800.0,2773.95,2780.8,1604159,-0.004403709140381573,80.87680499544643
2024-08-28,M&M,2781.9,2827.0,2780.8,2798.0,1851275,0.006185270425776768,81.99557694809376
2024-08-29,M&M,2789.35,2801.65,2741.65,2757.6,2237121,-0.014438884917798434,79.3677637569919
2024-08-30,M&M,2780.0,2821.55,2765.0,2805.4,4895220,0.017333913548012836,82.476909067256
2024-09-02,M&M,2848.8,2848.8,2756.5,2777.0,2270687,-0.010123333570970283,80.62963444776857
2024-09-03,M&M,2780.0,2798.1,2772.6,2784.85,1592710,0.0028267915016204626,81.14023676336632
2024-09-04,M&M,2761.0,2779.9,2731.1,2749.6,1697000,-0.012657773309154852,78.847404709249
2024-09-05,M&M,2756.2,2760.0,2711.9,2723.1,2360312,-0.009637765493162642,77.1237153636005
2024-09-06,M&M,2723.0,2738.9,2680.1,2698.1,2835519,-0.009180713157798115,75.4975933394038
2024-09-09,M&M,2688.15,2714.3,2660.05,2708.85,1269082,0.003984285237759844,76.19682580980837
2024-09-10,M&M,2691.25,2715.0,2677.0,2690.0,2034126,-0.006958672499400076,74.97072980356407
2024-09-11,M&M,2681.5,2708.0,2644.1,2654.25,2034245,-0.013289962825278834,72.6453753089628
2024-09-12,M&M,2665.0,2751.6,2635.6,2740.9,3730285,0.03264575680512394,78.28151424482854
2024-09-13,M&M,2755.0,2758.55,2711.75,2739.1,2102332,-0.0006567185960816291,78.16443345908637
2024-09-16,M&M,2740.2,2784.3,2732.05,2757.4,1234752,0.006681026614581587,79.35475478079836
2024-09-17,M&M,2765.0,2793.5,2745.3,2787.65,1387175,0.010970479437151015,81.32236243007638
2024-09-18,M&M,2781.5,2848.0,2777.65,2808.2,2526756,0.007371800620594282,82.65903473396602
2024-09-19,M&M,2812.0,2852.0,2792.2,2797.5,2807727,-0.003810269923794518,81.96305450760985
2024-09-20,M&M,2798.7,2960.0,2798.5,2950.85,12492909,0.0548168007149239,91.93768700403233
2024-09-23,M&M,2962.75,3056.9,2956.15,3049.8,3925490,0.03353271091380461,98.37387797580286
2024-09-24,M&M,3020.0,3098.55,3020.0,3074.3,3697722,0.008033313659912222,99.96747755951563
2024-09-25,M&M,3045.0,3149.0,3034.55,3091.05,4218815,0.005448394756530028,101.05697931572743
2024-09-26,M&M,3072.0,3197.2,3045.65,3181.1,4753617,0.029132495430355343,106.9142708468839
2024-09-27,M&M,3171.0,3222.1,3152.55,3183.65,6803795,0.0008016095061458284,107.08013529335201
2024-09-30,M&M,3163.15,3179.0,3087.0,3094.9,3554400,-0.027876808066213288,101.30740210745377
2024-10-01,M&M,3105.5,3185.45,3095.8,3165.5,4028211,0.022811722511228094,105.89957070378522
2024-10-03,M&M,3085.0,3171.0,3072.45,3129.85,3237011,-0.011262043910914565,103.58072069728075
2024-10-04,M&M,3127.05,3157.6,3009.5,3017.45,4281562,-0.03591226416601434,96.26967607649242
2024-10-07,M&M,3028.0,3066.95,2982.9,3060.2,2732276,0.014167591840792637,99.05034473786873
2024-10-08,M&M,3074.0,3176.9,3066.0,3165.85,6060165,0.03452388732762568,105.92233641212397
2024-10-09,M&M,3164.8,3204.3,3145.0,3153.0,2432656,-0.004058941516496328,105.08650969168687
2024-10-10,M&M,3156.0,3220.3,3155.0,3194.3,2507231,0.013098636219473603,107.77286327565983
2024-10-11,M&M,3200.0,3210.5,3121.0,3134.35,1652856,-0.01876780515292875,103.87342266163616
2024-10-14,M&M,3151.0,3174.0,3115.0,3154.9,2425178,0.006556383301163038,105.21009496552587
2024-10-15,M&M,3177.0,3192.95,3086.55,3155.8,2245701,0.0002852705315541382,105.26863535839696
2024-10-16,M&M,3138.0,3147.9,3052.15,3068.0,1972106,-0.0278217884530072,99.55769480941817
2024-10-17,M&M,3055.0,3065.3,2952.2,2964.6,3622197,-0.033702737940026095,92.83205411734063
2024-10-18,M&M,2945.35,2988.85,2914.7,2964.25,3407751,-0.00011805977197598683,92.8092884090019
2024-10-21,M&M,2959.75,3001.4,2892.9,2998.2,5059952,0.01145315003795222,95.01756211786099
2024-10-22,M&M,3005.0,3008.95,2878.2,2887.2,4195638,-0.03702221332799682,87.79758033042766
2024-10-23,M&M,2876.15,2924.9,2781.25,2793.5,7913897,-0.03245358825159317,81.70287498373847
2024-10-24,M&M,2763.0,2842.2,2763.0,2826.35,3992102,0.011759441560766026,83.83959932353291
2024-10-25,M&M,2825.0,2825.05,2679.3,2720.85,4532596,-0.03732729492101117,76.97736438142286
2024-10-28,M&M,2730.0,2834.9,2713.9,2781.0,2813985,0.0221070621313193,80.88981397164012
2024-10-29,M&M,2762.0,2797.95,2702.55,2746.9,3156567,-0.012261776339446251,78.67178353063584
2024-10-30,M&M,2689.25,2755.85,2669.05,2707.7,5677865,-0.01427063234919379,76.1220241966954
2024-10-31,M&M,2707.7,2752.0,2671.6,2728.55,3833325,0.0077002622151642885,77.47820996487546
2024-11-01,M&M,2780.0,2840.9,2780.0,2817.65,1061709,0.032654706712356374,83.27370885911247
2024-11-04,M&M,2804.5,2971.75,2804.5,2883.95,7559263,0.023530246836902968,87.58618446728208
2024-11-05,M&M,2875.5,2908.0,2822.1,2899.45,3562624,0.005374573068187782,88.59438012228405
2024-11-06,M&M,2910.0,2953.8,2885.4,2934.55,2902347,0.012105744192864254,90.87745544425623
2024-11-07,M&M,2971.75,2972.55,2857.95,2891.35,4251557,-0.01472116678877522,88.06751658644431
2024-11-08,M&M,2910.0,2990.95,2851.25,2974.9,4455563,0.028896536220104796,93.50201639130967
2024-11-11,M&M,2962.35,3009.6,2889.05,2930.6,2628672,-0.014891256848969747,90.62052816443311
2024-11-12,M&M,2931.2,2945.9,2880.0,2898.55,2414528,-0.010936327032006976,88.53583972941297
2024-11-13,M&M,2876.0,2895.0,2782.9,2798.95,3949602,-0.03436200859050231,82.0573695850133
2024-11-14,M&M,2815.0,2842.4,2736.25,2807.2,2478112,0.00294753389663982,82.59398985299822
2024-11-18,M&M,2844.0,2874.7,2800.05,2846.9,2405351,0.014142205756625836,85.17627162742257
2024-11-19,M&M,2845.0,2998.0,2845.0,2948.95,5230405,0.03584600793845927,91.81410173019344
2024-11-21,M&M,2962.5,2974.0,2918.0,2936.25,3821808,-0.004306617609657559,90.98803174190155
2024-11-22,M&M,2944.0,3063.5,2896.7,3012.95,4827125,0.02612175393784577,95.97697411213699
2023-10-03,TRENT,2074.3,2086.3,2052.0,2059.1,543387,0.0,0.0
2023-10-04,TRENT,2054.0,2055.95,2007.6,2022.3,551771,-0.017871885775338714,-1.7871885775338714
2023-10-05,TRENT,2022.95,2058.15,2022.3,2047.6,461744,0.012510507837610652,-0.5584964304793272
2023-10-06,TRENT,2055.85,2091.9,2050.1,2072.1,444220,0.011965227583512483,0.6313437909766462
2023-10-09,TRENT,2035.0,2089.45,2032.4,2079.05,487722,0.003354085227547099,0.9688698946141772
2023-10-10,TRENT,2089.75,2089.75,2047.1,2050.8,351329,-0.01358793679805681,-0.4030887280850659
2023-10-11,TRENT,2058.45,2114.8,2055.0,2101.3,729470,0.02462453676613996,2.0494390753241776
2023-10-12,TRENT,2105.0,2107.8,2070.0,2077.2,285544,-0.011469090562984952,0.8790248166674619
2023-10-13,TRENT,2075.0,2109.7,2071.45,2084.8,321887,0.0036587714230695845,1.248118109853813
2023-10-16,TRENT,2093.0,2117.0,2080.5,2107.65,446019,0.010960283960091965,2.35782623476275
2023-10-17,TRENT,2116.95,2117.6,2073.1,2079.0,373789,-0.01359333855241629,0.9664416492642269
2023-10-18,TRENT,2089.1,2090.4,2031.2,2048.95,432748,-0.014454064454064497,-0.49293380603178116
2023-10-19,TRENT,2045.95,2074.0,2020.0,2060.6,350097,0.00568583908831366,0.07284736049730789
2023-10-20,TRENT,2060.6,2060.6,2024.4,2036.15,353937,-0.011865476074929493,-1.1145646156087485
2023-10-23,TRENT,2035.0,2041.15,1980.0,1991.95,488451,-0.021707634506298645,-3.2611335049293255
2023-10-25,TRENT,2007.9,2007.9,1973.8,1993.25,512770,0.0006526268229622989,-3.1979991258316742
2023-10-26,TRENT,1980.0,2040.95,1945.0,2031.1,966275,0.01898908817258249,-1.3598173959496807
2023-10-27,TRENT,2031.15,2142.95,2031.15,2122.1,999445,0.044803308552016086,3.059589140886798
2023-10-30,TRENT,2143.2,2143.2,2072.0,2119.75,483782,-0.00110739361952783,2.9454616094410246
2023-10-31,TRENT,2140.9,2165.0,2119.1,2154.7,749792,0.016487793371859905,4.642805109028214
2023-11-01,TRENT,2163.7,2209.3,2148.95,2197.65,1081257,0.01993316935072187,6.728667864601068
2023-11-02,TRENT,2210.0,2210.0,2175.0,2189.85,474395,-0.003549245785270716,6.349861590015071
2023-11-03,TRENT,2195.0,2198.95,2180.0,2196.5,230437,0.003036737676096468,6.672818221553123
2023-11-06,TRENT,2196.55,2245.5,2188.65,2233.2,537580,0.01670839972683802,8.455150308387172
2023-11-07,TRENT,2234.45,2450.0,2181.7,2424.0,3419427,0.08543793659322962,17.721334563644355
2023-11-08,TRENT,2450.0,2503.85,2391.05,2452.85,2652822,0.011901815181518005,19.1224321305425
2023-11-09,TRENT,2453.0,2487.25,2438.2,2478.05,684007,0.0102737631734513,20.346267786897208
2023-11-10,TRENT,2476.95,2504.15,2454.05,2489.35,644072,0.004560037125965977,20.8950512359769
2023-11-12,TRENT,2510.2,2515.0,2491.15,2494.25,75038,0.00196838532146959,21.133019280268115
2023-11-13,TRENT,2495.0,2564.0,2485.35,2559.05,1131761,0.025979753432895825,24.280025253751703
2023-11-15,TRENT,2579.8,2579.8,2534.85,2553.15,599328,-0.0023055430726246495,23.993492302462304
2023-11-16,TRENT,2556.5,2558.15,2491.4,2544.7,766675,-0.003309637114936592,23.583118838327465
2023-11-17,TRENT,2547.55,2613.7,2544.75,2576.4,717236,0.012457264117577749,25.12262639017051
2023-11-20,TRENT,2595.0,2637.3,2585.3,2622.75,568578,0.017990218910107103,27.373609829537227
2023-11-21,TRENT,2634.9,2652.0,2605.95,2613.75,519349,-0.003431512725193042,26.9365256665534
2023-11-22,TRENT,2625.0,2647.05,2607.5,2627.15,395438,0.0051267336202773794,27.587295420329315
2023-11-23,TRENT,2644.8,2664.5,2631.5,2655.05,398832,0.010619873246674238,28.942256325579187
2023-11-24,TRENT,2659.95,2668.0,2640.0,2649.7,325606,-0.002015027965575178,28.682434073138772
2023-11-28,TRENT,2668.5,2683.5,2645.05,2671.75,535972,0.008321696795863698,29.75329027244915
2023-11-29,TRENT,2694.0,2720.0,2668.0,2676.4,460234,0.0017404323009264644,29.979117089990815
2023-11-30,TRENT,2676.4,2809.75,2675.0,2787.0,2343154,0.04132416679121209,35.350395803992086
2023-12-01,TRENT,2787.0,2837.4,2752.4,2807.7,1049846,0.007427341227125961,36.35568937885489
2023-12-04,TRENT,2847.0,2867.0,2772.25,2816.85,685830,0.0032588951811092226,36.80005827788848
2023-12-05,TRENT,2820.0,2898.5,2817.5,2874.75,676125,0.02055487512647103,39.611966393084444
2023-12-06,TRENT,2890.2,2912.45,2854.6,2867.85,487235,-0.0024002087138011996,39.27686853479684
2023-12-07,TRENT,2881.95,2918.0,2836.55,2845.2,961559,-0.007897902609969143,38.17687339128754
2023-12-08,TRENT,2857.3,2887.3,2800.2,2841.3,688323,-0.001370729649936564,37.98747025399458
2023-12-11,TRENT,2858.95,2907.35,2841.1,2881.4,577553,0.014113258015697072,39.934923024622535
2023-12-12,TRENT,2896.9,2909.9,2849.7,2883.55,462633,0.000746165058651993,40.039337574668664
2023-12-13,TRENT,2895.0,2973.95,2887.05,2963.45,887243,0.02770890048724639,43.91967364382508
2023-12-14,TRENT,2990.2,2995.0,2944.5,2984.75,425400,0.007187568543420841,44.954106162886816
2023-12-15,TRENT,3000.0,3024.55,2980.05,2989.75,682553,0.0016751821760616625,45.196930697877846
2023-12-18,TRENT,2998.55,3001.5,2961.2,2971.45,646708,-0.006120913119826099,44.30819289981072
2023-12-19,TRENT,2988.0,3013.6,2957.0,3000.8,533290,0.009877332615389811,45.73357292020799
2023-12-20,TRENT,3022.0,3025.0,2927.7,2948.95,713170,-0.017278725673153916,43.21548249235114
2023-12-21,TRENT,2909.95,2969.9,2879.5,2955.2,631420,0.0021193984299496815,43.51901316108992
2023-12-22,TRENT,2978.8,2981.95,2928.35,2965.5,518707,0.003485381700054191,44.019231703171435
2023-12-26,TRENT,2986.1,2991.95,2961.65,2970.0,315645,0.0015174506828528056,44.23777378466336
2023-12-27,TRENT,2975.65,3059.7,2975.55,3010.75,584065,0.0137205387205388,46.21679374484016
2023-12-28,TRENT,3025.0,3045.0,3003.0,3026.0,503705,0.005065183093913461,46.95740857656274
2023-12-29,TRENT,3030.3,3060.35,3001.4,3054.95,430702,0.009567085261070751,48.36336263416072
2024-01-01,TRENT,3061.8,3067.0,2995.5,3002.1,421730,-0.01729979214062416,45.796707299305695
2024-01-02,TRENT,3015.45,3017.9,2940.75,2995.2,408928,-0.002298391126211663,45.46160944101809
2024-01-03,TRENT,3009.0,3107.9,2988.35,3058.35,714968,0.02108373397435903,48.52848331795463
2024-01-04,TRENT,3074.0,3108.45,3060.85,3067.85,299498,0.003106250102179242,48.98984993443756
2024-01-05,TRENT,3085.45,3096.55,3045.0,3065.55,258565,-0.0007497107094543987,48.87815064834171
2024-01-08,TRENT,3080.95,3083.2,3037.8,3044.55,303947,-0.006850320497137519,47.858287601379445
2024-01-09,TRENT,3069.0,3143.0,3058.8,3115.45,723237,0.02328751375408511,51.30153950755205
2024-01-10,TRENT,3126.5,3189.95,3112.15,3173.6,951897,0.01866504036335037,54.12558884949756
2024-01-11,TRENT,3190.0,3213.2,3168.5,3175.8,485141,0.0006932190572221941,54.23243164489362
2024-01-12,TRENT,3203.0,3240.95,3162.1,3212.15,597455,0.011445934882549302,55.997766014278305
2024-01-15,TRENT,3238.0,3238.0,3180.5,3193.3,381958,-0.005868343632769335,55.08231751736217
2024-01-16,TRENT,3203.55,3224.9,3143.15,3166.1,370700,-0.008517834215388542,53.76135204701102
2024-01-17,TRENT,3153.0,3183.95,3117.15,3147.85,420338,-0.005764189381257667,52.87504249429382
2024-01-18,TRENT,3138.0,3185.0,3090.0,3151.75,439730,0.0012389408643995736,53.064445631586835
2024-01-19,TRENT,3169.95,3218.75,3147.55,3210.05,406436,0.018497660030142082,55.89577970958209
2024-01-20,TRENT,3229.0,3252.6,3187.0,3192.6,196720,-0.005436052397937763,55.04832208246344
2024-01-23,TRENT,3207.0,3225.75,3150.0,3164.15,344687,-0.008911232224519172,53.666650478364566
2024-01-24,TRENT,3164.1,3241.3,3130.0,3222.75,339968,0.018519981669642638,56.51255402845925
2024-01-25,TRENT,3223.05,3252.5,3180.0,3231.8,489321,0.0028081607322938407,56.95206643679298
2024-01-29,TRENT,3248.0,3295.0,3225.6,3246.4,604096,0.00451760628751785,57.66111407896675
2024-01-30,TRENT,3263.0,3275.0,3029.05,3054.95,1206541,-0.05897301626416962,48.363362634160744
2024-01-31,TRENT,3054.0,3104.5,2992.3,3086.95,986931,0.010474803188268211,49.91743965810325
2024-02-01,TRENT,3089.0,3133.8,3061.55,3102.8,742113,0.005134517889826551,50.68719343402477
2024-02-02,TRENT,3130.0,3213.15,3108.0,3126.05,892545,0.00749323191955642,51.81632752173297
2024-02-05,TRENT,3175.0,3180.0,3006.7,3027.15,808544,-0.031637369843732555,47.01325821961066
2024-02-06,TRENT,3025.0,3121.4,3021.65,3035.0,718388,0.0025931982227507255,47.39449273954654
2024-02-07,TRENT,3080.0,3634.7,2955.0,3607.5,5846891,0.1886326194398682,75.19790199601783
2024-02-08,TRENT,3735.35,3937.4,3619.65,3841.95,7374486,0.06498960498960504,86.58394444174658
2024-02-09,TRENT,3800.0,3858.0,3667.1,3759.55,2001715,-0.021447442054165156,82.58219610509465
2024-02-12,TRENT,3767.8,3834.65,3700.1,3802.05,1087518,0.011304544426859575,84.64620465251829
2024-02-13,TRENT,3785.0,3880.0,3767.0,3851.25,1288707,0.01294038742257464,87.03559807682988
2024-02-14,TRENT,3802.15,3950.5,3792.1,3921.0,725269,0.01811100292112955,90.42300033995457
2024-02-15,TRENT,3931.1,4006.85,3875.75,3952.65,964837,0.008071920428462054,91.96007964644768
2024-02-16,TRENT,3970.0,4036.3,3930.3,4024.6,736660,0.018202977749105065,95.4543247049684
2024-02-19,TRENT,4048.0,4099.8,4013.7,4047.15,374829,0.0056030412960295095,96.5494633577779
2024-02-20,TRENT,4057.95,4074.2,4010.55,4025.9,468003,-0.005250608452861849,95.51745908406608
2024-02-21,TRENT,4045.1,4047.05,3873.85,3894.75,614056,-0.03257656673042053,89.14817153125173
2024-02-22,TRENT,3922.0,3966.0,3829.7,3954.0,1012228,0.01521278644328894,92.02564227089528
2024-02-23,TRENT,3950.0,3950.0,3868.45,3885.8,555204,-0.017248356095093564,88.71351561361782
2024-02-26,TRENT,3875.0,3913.95,3824.0,3844.6,671311,-0.010602707293221547,86.71264144529182
2024-02-27,TRENT,3864.8,3995.0,3841.8,3937.5,861671,0.02416376215991267,91.22432130542491
2024-02-28,TRENT,3939.95,3954.95,3885.0,3924.8,411252,-0.003225396825396798,90.60754698654773
2024-02-29,TRENT,3931.45,3969.95,3782.0,3881.8,1235124,-0.010955972278842263,88.519255985625
2024-03-01,TRENT,3924.0,3928.95,3858.35,3901.25,645099,0.005010562110361105,89.46384342674003
2024-03-02,TRENT,3922.7,3935.0,3900.0,3909.6,26075,0.002140339634732369,89.86936040017501
2024-03-04,TRENT,3909.6,3936.75,3842.5,3919.8,291319,0.0026089625537140115,90.36472245155669
2024-03-05,TRENT,3929.5,3935.85,3845.05,3852.3,549270,-0.017220266340119417,87.08659122917797
2024-03-06,TRENT,3876.45,3893.85,3750.25,3872.0,1009678,0.0051138281026918975,88.04331989704257
2024-03-07,TRENT,3890.0,3978.0,3840.3,3952.2,680535,0.020712809917355246,91.93822543829843
2024-03-11,TRENT,3982.0,4243.95,3900.1,4004.7,3757634,0.013283740701381497,94.4878830557041
2024-03-12,TRENT,4025.8,4078.6,3957.55,4008.6,899570,0.0009738557195295705,94.67728619299709
2024-03-13,TRENT,4022.95,4037.95,3877.5,3944.05,968084,-0.016102878810557275,91.54242144626308
2024-03-14,TRENT,3900.0,4105.0,3870.6,4081.1,723158,0.03474854527706284,98.19824195036679
2024-03-15,TRENT,4051.05,4145.0,3981.25,4063.9,1197832,-0.004214549998774797,97.3629255499977
2024-03-18,TRENT,4063.9,4084.0,4005.9,4071.05,328538,0.0017593936858681936,97.71016463503483
2024-03-19,TRENT,4080.0,4088.0,3943.7,3955.65,489357,-0.02834649537588585,92.10577436744218
2024-03-20,TRENT,3971.45,4004.95,3843.25,3965.05,607192,0.0023763477557419144,92.56228449322532
2024-03-21,TRENT,3965.0,4015.7,3957.7,4001.85,622994,0.009281093554936115,94.34947307075916
2024-03-22,TRENT,4010.0,4025.0,3921.95,3948.6,678055,-0.013306345815060516,91.76339177310484
2024-03-26,TRENT,3885.0,3948.6,3866.05,3881.75,844731,-0.016930051157372228,88.51682774027496
2024-03-27,TRENT,3882.5,3922.5,3867.0,3875.2,524636,-0.001687383267856002,88.19872759943672
2024-03-28,TRENT,3875.2,3975.0,3875.2,3948.0,837624,0.018786127167630173,91.73425282890592
2024-04-01,TRENT,3974.95,3983.4,3869.05,3886.8,523250,-0.015501519756838888,88.7620805206159
2024-04-02,TRENT,3900.0,3909.8,3873.25,3891.9,604885,0.0013121333744983144,89.00976154630673
2024-04-03,TRENT,3885.0,3947.95,3843.0,3922.85,727717,0.007952413988026263,90.5128454179011
2024-04-04,TRENT,3950.0,4028.95,3915.05,4003.2,910922,0.0204825573243943,94.41503569520673
2024-04-05,TRENT,4009.0,4052.9,3912.2,3932.6,679916,-0.017635891286970407,90.9863532611336
2024-04-08,TRENT,3932.6,3980.0,3923.6,3931.85,471027,-0.00019071352286015308,90.94992958088494
2024-04-09,TRENT,3958.95,3958.95,3894.9,3902.35,483412,-0.007502829456871418,89.51726482443796
2024-04-10,TRENT,3929.0,4113.35,3904.15,4021.15,1107300,0.030443194485374248,95.2867757758245
2024-04-12,TRENT,4047.0,4113.95,4025.0,4053.85,776121,0.00813200203921749,96.8748482346657
2024-04-15,TRENT,3950.05,4066.75,3934.25,3969.2,597371,-0.02088138436301301,92.7638288572678
2024-04-16,TRENT,3968.0,4033.6,3912.4,3988.2,577349,0.004786858812859007,93.68656209023365
2024-04-18,TRENT,3988.0,4177.9,3976.6,4087.1,1484951,0.024798154555940144,98.48963139235596
2024-04-19,TRENT,4087.95,4174.75,3964.05,4158.95,1180675,0.01757970198918546,101.97901996017684
2024-04-22,TRENT,4215.3,4304.8,4115.0,4168.6,1179181,0.002320297190396836,102.44767131270956
2024-04-23,TRENT,4215.0,4225.0,4140.0,4158.3,626656,-0.002470853523964922,101.94745277062806
2024-04-24,TRENT,4158.3,4245.0,4158.3,4221.75,641190,0.015258639347810465,105.02889611966407
2024-04-25,TRENT,4250.0,4347.0,4195.7,4323.15,761557,0.02401847575057725,109.95337768928182
2024-04-26,TRENT,4340.0,4373.0,4293.45,4304.85,622336,-0.004233024530723939,109.06463989121474
2024-04-29,TRENT,4359.0,4515.0,4052.4,4314.1,2349939,0.002148739212748385,109.51386528094811
2024-04-30,TRENT,4450.0,4670.0,4380.05,4409.9,4924865,0.022206253911592144,114.16638337137597
2024-05-02,TRENT,4409.9,4676.7,4395.1,4646.7,1998618,0.053697362751989886,125.66655334855045
2024-05-03,TRENT,4680.2,4680.55,4482.0,4523.65,1313008,-0.026481158671745608,119.69064154242153
2024-05-06,TRENT,4555.0,4580.0,4480.25,4509.05,735051,-0.0032274822322680974,118.98159390024779
2024-05-07,TRENT,4532.0,4558.0,4416.9,4503.95,982212,-0.0011310586487176533,118.73391287455695
2024-05-08,TRENT,4498.95,4542.0,4470.4,4498.6,596788,-0.001187846223870026,118.47409062211658
2024-05-09,TRENT,4512.8,4548.5,4381.3,4407.95,688477,-0.020150713555328492,114.07168180272942
2024-05-10,TRENT,4433.0,4484.25,4401.0,4471.4,549717,0.014394446397985483,117.15312515176541
2024-05-13,TRENT,4475.7,4521.65,4358.0,4465.7,637292,-0.0012747685288723165,116.87630518187567
2024-05-14,TRENT,4471.0,4549.0,4448.3,4540.35,559577,0.01671630427480597,120.50167548929159
2024-05-15,TRENT,4550.0,4579.5,4509.2,4527.0,413777,-0.002940301959100111,119.85333398086557
2024-05-16,TRENT,4530.1,4634.2,4530.1,4596.65,500593,0.01538546498785065,123.23587975329042
2024-05-17,TRENT,4600.0,4673.0,4555.0,4634.55,752254,0.008245135043999596,125.07648972852236
2024-05-18,TRENT,4674.9,4674.9,4609.35,4643.0,53867,0.0018232622368945517,125.48686319265715
2024-05-21,TRENT,4690.0,4727.95,4623.65,4667.3,668195,0.005233685117381093,126.66699043271352
2024-05-22,TRENT,4680.3,4713.85,4545.0,4646.95,742788,-0.004360122554796231,125.67869457530007
2024-05-23,TRENT,4653.0,4712.0,4608.05,4698.55,459499,0.0111040575000807,128.18464377640737
2024-05-24,TRENT,4708.0,4777.9,4654.1,4715.4,549566,0.003586212767768604,129.00296245932705
2024-05-27,TRENT,4759.0,4760.85,4650.0,4682.0,611635,-0.007083174280018589,127.38089456558708
2024-05-28,TRENT,4697.85,4723.75,4600.0,4615.9,445558,-0.014117898334045309,124.17075421300585
2024-05-29,TRENT,4650.0,4719.5,4600.1,4672.05,744694,0.012164474966962047,126.89767374095497
2024-05-30,TRENT,4669.1,4698.0,4602.2,4651.35,523206,-0.004430603268372524,125.89238016609218
2024-05-31,TRENT,4665.0,4710.0,4498.9,4559.15,3005008,-0.019822202156363322,121.41469574085781
2024-06-03,TRENT,4745.8,4745.8,4604.5,4662.2,450140,0.022602897469923056,126.41930940702264
2024-06-04,TRENT,4685.0,4685.0,4196.0,4538.15,1175204,-0.026607610141135107,120.39483269389555
2024-06-05,TRENT,4684.0,4932.05,4524.25,4903.8,1231971,0.08057247997532047,138.15259093778855
2024-06-06,TRENT,4910.05,4928.6,4821.05,4878.45,512601,-0.005169460418451122,136.92147054538407
2024-06-07,TRENT,4878.45,5010.4,4841.0,4964.6,488611,0.01765929752277895,141.1053372832793
2024-06-10,TRENT,5025.0,5047.35,4920.0,4969.45,417996,0.0009769165693105375,141.34087708222052
2024-06-11,TRENT,5009.0,5010.0,4884.7,4906.6,512441,-0.01264727484932926,138.28857267738348
2024-06-12,TRENT,4945.0,5089.35,4909.05,5028.05,954491,0.024752374352912332,144.18678063231525
2024-06-13,TRENT,5188.0,5188.0,4972.05,5023.85,932377,-0.0008353138890822009,143.9828080229228
2024-06-14,TRENT,5050.05,5294.0,5040.0,5245.55,1424125,0.044129502274152355,154.74964790442445
2024-06-18,TRENT,5299.0,5452.0,5205.0,5357.6,1247457,0.021360963102057928,160.19134573357312
2024-06-19,TRENT,5374.95,5402.0,5288.4,5356.8,707909,-0.0001493205913095652,160.15249380797454
2024-06-20,TRENT,5374.9,5422.0,5305.05,5337.15,516737,-0.003668234767025158,159.19819338545983
2024-06-21,TRENT,5337.15,5353.85,5200.0,5266.35,638917,-0.01326550687164485,155.7597979699871
2024-06-24,TRENT,5266.35,5440.0,5200.0,5395.75,543826,0.024571097629287664,162.04409693555453
2024-06-25,TRENT,5440.5,5459.0,5304.05,5338.8,559045,-0.010554603159894316,159.2783254820069
2024-06-26,TRENT,5345.0,5395.0,5260.0,5363.8,578724,0.004682700232262027,160.49244815696198
2024-06-27,TRENT,5360.0,5387.0,5303.75,5329.0,900729,-0.006487937656139309,158.8023893934245
2024-06-28,TRENT,5360.0,5509.0,5358.55,5479.85,970080,0.028307374741977975,166.12840561410346
2024-07-01,TRENT,5500.0,5555.0,5380.0,5515.65,544030,0.006533025539020132,167.8670292846391
2024-07-02,TRENT,5515.0,5568.55,5460.0,5535.9,428098,0.0036713714612057746,168.85046865135268
2024-07-03,TRENT,5560.0,5577.75,5460.05,5494.1,355297,-0.007550714427644878,166.82045553882782
2024-07-04,TRENT,5548.0,5620.0,5493.75,5597.45,440575,0.018811088258313458,171.83963867709213
2024-07-05,TRENT,5560.0,5644.45,5535.0,5619.9,362427,0.004010754897319391,172.9299208392018
2024-07-08,TRENT,5661.2,5665.0,5572.0,5594.25,273130,-0.004564138151924357,171.6842309746979
2024-07-09,TRENT,5607.2,5634.6,5550.0,5592.85,313079,-0.0002502569602715887,171.61624010490044
2024-07-10,TRENT,5610.0,5626.45,5470.05,5568.0,425869,-0.0044431729797868025,170.40940216599506
2024-07-11,TRENT,5545.0,5663.0,5545.0,5635.25,578262,0.012077945402298784,173.67539216162422
2024-07-12,TRENT,5664.9,5696.0,5611.1,5651.25,476682,0.0028392706623485697,174.45243067359547
2024-07-15,TRENT,5690.0,5754.95,5645.75,5675.55,498397,0.0042999336429994095,175.63255791365182
2024-07-16,TRENT,5699.95,5725.45,5627.35,5647.3,641858,-0.0049774911682568534,174.2605992909526
2024-07-18,TRENT,5649.9,5660.25,5282.95,5308.5,1342486,-0.05999327112071262,157.80680879996135
2024-07-19,TRENT,5308.5,5308.5,5106.05,5166.35,879290,-0.026777809173966216,150.90330727016678
2024-07-22,TRENT,5110.0,5238.95,5083.55,5210.2,631260,0.008487616982976176,153.0328784420379
2024-07-23,TRENT,5210.2,5310.25,4955.65,5263.8,763626,0.010287512955356792,155.63595745714161
2024-07-24,TRENT,5285.0,5380.0,5263.1,5286.85,711861,0.004378965766176579,156.75537856345022
2024-07-25,TRENT,5274.9,5335.45,5226.0,5309.95,302964,0.0043693314544577255,157.8772279151087
2024-07-26,TRENT,5360.0,5411.55,5325.0,5393.35,336310,0.015706362583451927,161.92754115875886
2024-07-29,TRENT,5414.95,5549.95,5365.0,5517.4,533654,0.02300054696987952,167.95201787188594
2024-07-30,TRENT,5550.0,5660.0,5520.0,5620.5,789712,0.018686337767789274,172.9590597834007
2024-07-31,TRENT,5625.05,5919.3,5625.05,5839.0,1671711,0.038875544880348833,183.57049196250813
2024-08-01,TRENT,5894.0,5894.0,5722.95,5770.8,767562,-0.011680082205857145,180.25836530523068
2024-08-02,TRENT,5725.0,5805.85,5524.0,5538.25,560989,-0.04029770569071878,168.96459618279854
2024-08-05,TRENT,5360.0,5424.35,5226.05,5346.9,1074769,-0.03455062519749019,159.67170122869234
2024-08-06,TRENT,5355.1,5467.7,5194.55,5220.7,642644,-0.023602461239222716,153.54280996551913
2024-08-07,TRENT,5289.0,5499.8,5274.6,5472.45,717292,0.04822150286360061,165.76902530231675
2024-08-08,TRENT,5515.0,5727.4,5490.0,5644.1,1183241,0.03136620709188764,174.10519158855834
2024-08-09,TRENT,5738.85,6373.85,5626.6,6275.35,6877196,0.11184245495295975,204.7617891311741
2024-08-12,TRENT,6302.95,6434.0,6277.0,6382.35,1889796,0.01705084178571714,209.95823417998184
2024-08-13,TRENT,6375.0,6443.0,6330.0,6381.7,651594,-0.00010184336490481893,209.92666699043298
2024-08-14,TRENT,6400.0,6452.0,6291.1,6438.35,885572,0.008876945014651305,212.67786897188122
2024-08-16,TRENT,6440.0,6548.0,6440.0,6502.4,1153478,0.009948201014234881,215.78845126511607
2024-08-19,TRENT,6575.0,6750.0,6522.3,6689.9,1827850,0.028835506889763884,224.8943713272792
2024-08-20,TRENT,6710.0,6819.7,6605.05,6793.9,1143592,0.015545822807515819,229.94512165509232
2024-08-21,TRENT,6800.0,6825.0,6740.0,6783.2,651691,-0.0015749422275864733,229.42547715021155
2024-08-22,TRENT,6825.0,7010.05,6790.0,6989.8,771279,0.030457601132209078,239.45898693604036
2024-08-23,TRENT,7020.0,7030.0,6911.75,6948.75,625160,-0.005872843285930962,237.4653975037641
2024-08-26,TRENT,7000.0,7097.95,6907.9,6925.6,754901,-0.0033315344486417597,236.34111990675572
2024-08-27,TRENT,6969.95,6973.0,6779.25,6869.9,578002,-0.008042624465750325,233.6360545869558
2024-08-28,TRENT,6990.0,7325.0,6950.25,7242.1,2358476,0.05417837231983014,251.71191297168707
2024-08-29,TRENT,7269.95,7291.95,7092.95,7170.65,836313,-0.009865922867676624,248.24195036666544
2024-08-30,TRENT,7210.0,7274.75,7130.05,7158.75,1169809,-0.0016595427192792611,247.66402797338682
2024-09-02,TRENT,7179.25,7267.75,7111.35,7148.2,625283,-0.0014737209708398646,247.15166820455582
2024-09-03,TRENT,7179.0,7180.0,6995.0,7042.8,857908,-0.014744970761870091,242.0329270069452
2024-09-04,TRENT,7043.0,7168.95,6950.05,7139.9,576206,0.013787130118702695,246.7485794764707
2024-09-05,TRENT,7169.9,7209.0,7090.25,7167.65,667571,0.0038866090561493483,248.09625564567085
2024-09-06,TRENT,7184.9,7189.95,7060.0,7103.55,384793,-0.008942958989347938,244.98324510708605
2024-09-09,TRENT,7104.0,7155.7,7048.05,7136.65,349967,0.004659642009980924,246.5907435287266
2024-09-10,TRENT,7156.0,7200.0,7095.5,7137.95,376043,0.00018215829555878749,246.65387790782424
2024-09-11,TRENT,7160.95,7219.65,7107.7,7148.85,428437,0.0015270490827199446,247.18323539410468
2024-09-12,TRENT,7198.0,7309.0,7142.85,7210.5,572357,0.008623764661449096,250.17726191054393
2024-09-13,TRENT,7248.5,7281.1,7200.05,7233.15,468707,0.0031412523403369086,251.27725705405317
2024-09-16,TRENT,7270.0,7384.95,7211.0,7318.8,502100,0.011841313950353705,255.4368413384493
2024-09-17,TRENT,7415.0,7508.8,7325.0,7403.45,753643,0.011566103732852273,259.54786071584715
2024-09-18,TRENT,7435.0,7453.0,7245.85,7336.0,388287,-0.009110617347317773,256.27215773881835
2024-09-19,TRENT,7456.0,7456.0,7183.55,7326.15,395523,-0.0013426935659760497,255.79379340488603
2024-09-20,TRENT,7350.0,7508.0,7281.85,7465.15,798170,0.01897313049828364,262.5443154776363
2024-09-23,TRENT,7520.95,7645.0,7464.15,7623.45,510496,0.021205200163425975,270.23214025545184
2024-09-24,TRENT,7639.95,7682.0,7580.6,7621.35,613798,-0.0002754658323986803,270.1301539507556
2024-09-25,TRENT,7618.25,7742.0,7569.55,7614.9,576171,-0.0008463067566770732,269.81691030061717
2024-09-26,TRENT,7724.9,7939.9,7710.55,7845.4,1712253,0.030269603015141477,281.011121363703
2024-09-27,TRENT,7899.95,7937.95,7736.4,7833.7,11179751,-0.001491319754250875,280.44291195182404
2024-09-30,TRENT,7814.75,7833.95,7483.75,7574.65,1117618,-0.033068664871006015,267.8621727939395
2024-10-01,TRENT,7600.0,7647.45,7522.25,7612.7,559721,0.005023334411490943,269.7100675052211
2024-10-03,TRENT,7569.5,7654.5,7451.0,7487.9,741293,-0.016393657966293218,263.6491671118454
2024-10-04,TRENT,7441.0,7455.95,7272.0,7353.3,938897,-0.01797566741008816,257.11233062988725
2024-10-07,TRENT,7307.2,7503.9,7284.0,7449.5,854385,0.0130825615709953,261.7842746831144
2024-10-08,TRENT,7520.0,8073.4,7451.0,8041.95,2278240,0.07952882743808298,290.5565538341998
2024-10-09,TRENT,8089.0,8322.2,8035.0,8220.85,1260784,0.022245848332804963,299.2448156961784
2024-10-10,TRENT,8200.0,8270.95,8012.0,8028.85,606292,-0.02335524915306808,289.9203535525234
2024-10-11,TRENT,8069.0,8308.8,7950.0,8234.95,800644,0.025669927822789207,299.9295808848531
2024-10-14,TRENT,8280.05,8345.0,8163.7,8191.85,417498,-0.005233790126230264,297.8364333932306
2024-10-15,TRENT,8224.0,8260.0,8090.0,8124.25,460534,-0.008252104225541235,294.55344568015204
2024-10-16,TRENT,8110.0,8133.1,7766.5,7805.8,900545,-0.03919746438132743,279.0879510465743
2024-10-17,TRENT,7780.3,7880.05,7620.2,7719.65,997450,-0.01103666504394174,274.90408430867905
2024-10-18,TRENT,7720.0,7800.0,7630.1,7768.05,571161,0.006269714300518814,277.25462580739213
2024-10-21,TRENT,7820.0,7850.0,7552.5,7606.55,662166,-0.020790288425023062,269.4113933271823
2024-10-22,TRENT,7634.95,7666.5,7469.4,7497.35,610564,-0.014356048405650412,264.1081054829785
2024-10-23,TRENT,7468.0,7585.0,7450.0,7511.3,505590,0.0018606574322928005,264.7855859356035
2024-10-24,TRENT,7569.2,7640.4,7386.75,7488.0,448738,-0.003101992997217584,263.6540236025453
2024-10-25,TRENT,7450.0,7511.2,7064.05,7361.45,590268,-0.016900373931623913,257.5081346219227
2024-10-28,TRENT,7362.25,7429.0,7222.15,7307.85,419026,-0.007281174225186593,254.905055606819
2024-10-29,TRENT,7313.3,7446.1,7164.45,7410.3,359440,0.014019171165253752,259.8805303287849
2024-10-30,TRENT,7420.0,7428.8,7215.0,7252.45,481764,-0.021301431790885728,252.21455975911852
2024-10-31,TRENT,7259.0,7273.85,7071.0,7128.35,742508,-0.017111458886307274,246.18765480064155
2024-11-01,TRENT,7153.95,7214.9,7125.0,7149.0,76497,0.0028968835705316387,247.1905201301544
2024-11-04,TRENT,7109.0,7150.3,6950.0,7063.75,681708,-0.011924744719541192,243.0503618085576
2024-11-05,TRENT,7006.0,7078.5,6794.05,6968.35,1026360,-0.01350557423464871,238.41726968092902
2024-11-06,TRENT,7024.0,7236.0,6801.1,6955.45,1142746,-0.0018512273350219655,237.79078238065216
2024-11-07,TRENT,6999.0,7015.25,6306.85,6505.5,4427899,-0.06469027884608469,215.93900247681069
2024-11-08,TRENT,6550.0,6563.15,6270.0,6298.95,2523322,-0.03175005764353245,205.90792093633178
2024-11-11,TRENT,6230.35,6620.0,6212.05,6480.7,2339199,0.028854015351764906,214.73459278325518
2024-11-12,TRENT,6520.0,6717.9,6500.0,6528.55,1258152,0.007383461663092117,217.05842358311926
2024-11-13,TRENT,6499.0,6619.7,6412.45,6498.25,758642,-0.004641153089123939,215.58690690107372
2024-11-14,TRENT,6496.0,6550.3,6367.05,6463.0,620489,-0.005424537375447236,213.87499392938705
2024-11-18,TRENT,6411.6,6453.0,6275.0,6301.65,828906,-0.02496518644592305,206.03904618522694
2024-11-19,TRENT,6359.85,6579.9,6359.8,6423.85,674042,0.01939174660604781,211.9736778204074
2024-11-21,TRENT,6400.0,6519.0,6346.2,6460.45,1511541,0.005697517843660682,213.75115341654163
2024-11-22,TRENT,6459.9,6678.0,6430.0,6652.8,833104,0.029773467792491237,223.09261327764602
